frame,pts_seconds,mae_whole_0_255,mae_button_roi_0_255,blue_left_error_px,source_png_sha256,replica_png_sha256
0,0.0,1.6564409722222222,4.581902621722846,0,f70196985c0cd834fa0c737564fe59af1444b996414a859c6ccf1acdd885d431,4bbe17726746ba0046ed6185621b8acdcfb4ad7aac66765abc702f6def297333
1,0.017033,1.6565297067901235,4.581902621722846,0,33cb9b4102dd9a067ef530c3ac21542dbb509a4163886c58e3c125390c6db5c0,5d362ac5ee28f9e826401af82b95c045cc90906e1212f62c294dff73ef024e9d
2,0.034067,1.6528800154320988,4.581902621722846,0,0ee51d4b0ebd572434a0c6e4a0a9f556847f0dc4c2e558185ee99e2f72df1854,a50b9f36569fe7d58daf3dd6a870c97015616ba611532815569389d155b38417
3,0.0511,1.6520717592592593,4.581602996254682,0,896b6dd8d2e2ff7550cad0ba2350c6681126ec5478e5cca3dfaf318b2d70c39a,8fc70a72ab638d69ab34bef9b691c2a295577f99635e5e8d88ecaaf1ed1733ce
4,0.068133,1.6857986111111112,4.581183520599251,0,772fbf74609f6ffcf284513e9c3ea66221829a1506c38802379a82b7b65a1163,cfdc803c2ca3c5ef9f1f23c7b02995cf3dd36c9f2813af61c2aa7e3272c3147a
5,0.085178,1.6859304269547326,4.581383270911361,0,4a23f8ec6e71bfc51da055d80a74146bb49d17f530ce2744cd52815cf132cbce,be12f3f29da0fdf22d4e9e8807d955a6ef8e31891d7e89f28e2a85d8691c2fc2
6,0.102211,1.6862628600823046,4.582496878901373,0,4f77106d7fa728acccb3daddd644416736011217b50de73e1bf53cda29d761c6,9864dd3568995faad036952d132a8a9295cc4602c1e9725281db2c8f759d7692
7,0.119244,1.6850109310699588,4.5818227215980025,0,55bce485d5564171ab05e1d7762b9bca366c8be57c95a85202e1c82d1ff58b0e,4b1f701a3b389866177e08996fc3dd0269e334273213340c1a64f5460c42fa67
8,0.136278,1.6863850308641974,4.583041198501872,0,4904f85ee3c43b73565b006f7e51d85cef784d2ba3071daa7c14fe33989e7c4d,d302941126382143e7d23b1eb618b7cd6f2ebddc1c51772a5ff9a5eb467ade81
9,0.153311,1.6860300925925926,4.581243445692884,0,80ad229acc920bb17dd0f5cdc76f5570a958372de0aa4d78e18e7df0da295893,96ce28998b3d9d8ca3f84fc9210f5c90c56323ba899e5a06f6a5d69f3291b2e8
10,0.170356,1.6550070730452675,4.581837702871411,0,d385553563e865c67cb2371d9254f31fec108bc6745d6cfec238635818da0f30,ba61897a780347b4030c72561ed5693ce0640445e6e9340aacea1c4b9fdbafd6
11,0.187389,1.6851350308641975,4.582187265917603,0,3db65356dbb3789bc007d41948df8dd1a7aef397dfe43619fe013ac6b45b4b48,4a05cba3f014a5f25ba81c93fbd33a41b5354e68833f9e19734508884c6ff7ad
12,0.204422,1.683557098765432,4.57965543071161,0,0a2a93a63abc78a1a6ea4e0bd30b728b13aebafa9f7853b91a1fd91ba8c397e7,58a37d10e8229463b3d0274b1913d56e6d9a8b3e05e9f093ade06920b5b18fa8
13,0.221456,1.654621913580247,4.582277153558053,0,36f8db752bf79dba416ea3323054cdbbdf8dab66bb57d0a721068fc25672475d,320ef5d19a99429c2c43aaf3e2d97fac4ba7e36f48b0f47f45ad43031ec04c7d
14,0.2385,1.6850675154320989,4.763086142322098,0,1b34f40bbb199214e6275d5578f9a9b88270efbcc24e0cc6744ade6645e9c71c,f6a3ac86b8be9a916cb24ee44d136cbd1c2a81525dddf2546e2db16c27c853e4
15,0.255533,1.6821257716049383,5.2426067415730335,0,23be2b3de03a022a00464ee0f79156216c5f40c6f9e14f15ed0ed61f0daead6f,30dd83e87f3464c78d7dda10ca1b0047dd9305464f8daa73df1419b969208030
16,0.272567,1.6837866512345678,5.389917602996254,0,1065e5d0ecb6d9dc42ae4952d399938f0f871496abd36737029531f5c8b89c18,0bb7038384fe83c2212cc4933d0c313d6d7a0a545fb935c99c2f93bf9ca5280b
17,0.2896,1.6833024691358025,5.457063670411985,0,80eb8497b73ceb4c7caef00d6400e0292c98d5224daa93e2528b7f93bf77d0cc,1f31784bbf58e11b3777852d7aff933f08c5085e498cef0e25593f7d38c65c4f
18,0.306633,1.6487750771604939,5.326247191011236,0,db52f85b52633f1cd7a132a5ce70b3dd60a04972a96bf80efb791a13caeafe5b,dcceacab64abdc363824ad060c97d17d490794a62125ab133c64a866201f9f2a
19,0.323678,1.6487307098765431,5.326262172284644,0,07284c4ea551499f097276fe8ae42c12947596a110fafe75276d96ddfb7d3445,dcceacab64abdc363824ad060c97d17d490794a62125ab133c64a866201f9f2a
20,0.340711,1.6487847222222223,5.326801498127341,0,6a823c508b5903de48d44fedfd8b2ff12a61c84c33c8b59959a5b30d30dcf0a0,dcceacab64abdc363824ad060c97d17d490794a62125ab133c64a866201f9f2a
21,0.357744,1.6479925411522633,5.320649188514357,0,19e9ff23443074dcf6fa09032a58adbde5633d8c611c6cfeb09ef8e7f303d3f0,dcceacab64abdc363824ad060c97d17d490794a62125ab133c64a866201f9f2a
22,0.374778,1.6475270061728395,5.317033707865169,0,da1196884bea5f58fea5cff331cc0803ac7277c458beab8096f7016c11aadf8e,dcceacab64abdc363824ad060c97d17d490794a62125ab133c64a866201f9f2a
23,0.391811,1.646929012345679,5.312389513108614,0,522ef8a36ceecc9128a8080632f9b596bcc03a1ed08c0b3c56c16ecf5691e79e,dcceacab64abdc363824ad060c97d17d490794a62125ab133c64a866201f9f2a
24,0.408856,1.6475868055555556,5.317498127340824,0,2914dc7d00732b1bad7decb8ba3d80ca679b1ef4f404928ea9f25e3ae9795ff9,dcceacab64abdc363824ad060c97d17d490794a62125ab133c64a866201f9f2a
25,0.425889,1.6356622942386831,5.225338327091136,1,96e2a210978677634f50e6edab9c997b79d8234b6bac5f68f396ab16f7ca3480,dcceacab64abdc363824ad060c97d17d490794a62125ab133c64a866201f9f2a
26,0.442922,1.6321212705761317,5.197388264669163,1,926e4ada8e692c281b8b2a791a5c72076440f750bbab78a75b951d13fceb4ea8,dcceacab64abdc363824ad060c97d17d490794a62125ab133c64a866201f9f2a
27,0.459956,1.6277385545267489,5.163365792759051,1,fe39d73926b1a9a531ea270c14d342aa3281c2075e01beddbc77c512e34acbb6,dcceacab64abdc363824ad060c97d17d490794a62125ab133c64a866201f9f2a
28,0.477,1.669773019547325,5.199780274656679,1,fd756808d492b41e81719f9d92039ddab208587488b0baab88254fb9bcdfc49f,5fb5f9145cd5e9a7c1622a40667290bc4e24deff937a21ba0704ae9fbf7c3bb9
29,0.494033,1.6696315586419752,5.200149812734082,1,24174358e30c65f9b079b4148d4551ff85eef5abd47896e63a812a6a80e7ad42,5fb5f9145cd5e9a7c1622a40667290bc4e24deff937a21ba0704ae9fbf7c3bb9
30,0.511067,1.6391698816872429,5.024354556803995,1,dccc46beb8f6813fcd4dc0762c954a9a21f7415dc65f325b1357ee1c2d061f4e,836f186fd2a9296e7f29bee95f5227af1af24a0606d9cb247cc7a65ed4103ba2
31,0.5281,1.665400591563786,4.722077403245943,1,7b9820286983296a8b8232077d19999d5721ce3bc0f8609954d2384feb5b455c,a23e65df422db2607eb90a6096f47c2df4abe2c264b487cac8446749d74fc0cb
32,0.545133,1.6127488425925927,4.052584269662922,1,a5207cafa703039fb85b4b2fa0a7c93e14076cf77ed1af8f69dcba3e688f4822,e134699e8f4fe7ea62ae924d8414a8b27c0c3ad35e82b03023a734cb27965001
33,0.562178,1.586057098765432,3.811176029962547,-1,c76d3fff49bd103f7e4bd1a053c8cfcb493652b43043fefe3ea3947d98b29ad2,0a044c3baa5960ed0d472758e31ce797bea8b0b333601c463b339a085d834f39
34,0.579211,1.673707561728395,4.493797752808989,0,e5e30f31115df43733780685fa84b03260bea3b625af217318ea80d4bf08dd18,d88397b636b749023c4fc58a7403b29f7ac52bbec0793d14bd7c79209977dbb1
35,0.596244,1.5617759773662552,3.8463171036204744,-2,0b4771845ea3d42fd841b5786886339d189764a58272bdb012a02d409330ff26,873e4361f65c3c04ec1ab34b0f1676e3bd040a2f5f654c6052a7c2fb33f7957e
36,0.613278,1.7057163065843621,4.743960049937578,1,e83125536e931ef2d41775d465a1a70f0b48b7a102a3e7c2f69ebcd2d9418620,8e043ae28660ab5dc35b89f03f33da3d6ae19240605eeaff623718e1bf399711
37,0.630322,1.7493074845679013,5.076838951310862,0,62bd31fd59f1967a27ec024e23195f7d17685260fa6eb7f908e1a426c7b1ddaf,6d433d7e9800c0fea36a72e5b911fade23448cd3c626aa3ccdf88f11d8a6ac63
38,0.647356,1.7905587705761317,5.406362047440699,0,7acdfcad7a6cc3c01f7cc41c225b0425e48464f5eb7dc451c953e0aeeb86cf27,478fe282226da50a3838c1314560fbb953a6d52e93830dafdea918cf8ee52c89
39,0.664389,1.8266210133744856,5.678926342072409,-1,f54d1c8b547655089be0dad409e693b0e6dde5f14026b64a28eb7ddb0894b09a,3a12b2a567e02736559b839c1785a129f98c1f2465ed19645f71d6c83a9be653
40,0.697722,1.8659227109053498,6.247031210986267,-1,90ca690cdabcf981af0938a87aeed71760c8efd3527de7634545eaa8dbccc46f,9cedc6382f3853be20185bbdbf0104cfa40e2c32d2434d466705dfc086dc2794
41,0.714756,1.9800064300411522,6.878821473158552,0,5c134dfa5cf9411b854f8ee66b9eedf794fc9d5ac984bfb5cef957b6ddbe696d,363b86d5711d6571418c6d83c34138798d944f364850c415aabcef26fd7ebfe5
42,0.731789,1.9851041666666667,6.916374531835206,0,8ac17afde8e002469c1d986b4f7d4a9dd43c8ddc594cea860ef712d5cd8f5f7d,85fcbe9a6c56382bdcc23032867de1be8b84f48ba3a0dd2332b2935080141335
43,0.748833,2.0000212191358027,7.033842696629214,0,e51846a78cee60f5381fc32a12dfdd2bddf569723ddd35fa8313f52e4806925b,3894178dd3768d271486de1dffebbc7029b4bde2e37681435e9271432f5ea80e
44,0.765867,1.9883519804526748,7.1929238451935085,0,826cb3475566dc679d2e9d30f4eae3487458b67df9bbc12f49ff05e0991d7115,01c8408a954ee58fc05dd3a4f3c010b3bc5f2247035e2f4b2d652c287a527a19
45,0.7829,2.019326774691358,7.180404494382023,0,e49063ec59dc374368c7cfd4d3821efa409abcad18d0d67c3bec45b3e5e2b2d9,03f7dd0cb96a40bef799f8ef3bc6124450ebce535ea8b88820265da7f47b8d40
46,0.799933,1.9836908436213991,7.1496229712858925,-1,f6f99c63a44aa143bcb221875fd161c7eb3ac7a7c81d23d5b413e9aa810462d4,a09e629ce20ee8fcc83219f9dde805522a29813d0b825cbc61b44179a3c906bc
47,0.816967,1.9871315586419753,7.173078651685393,-1,78ab04c4be5834a3430742a66c34e001dbf99d53aa5b4bbb964dc3da7a6bc1ae,0050d35b05ba7bb55f105d924edd787a191f4fbf3037cab1677741655c915f11
48,0.834011,1.9815740740740742,7.129842696629214,0,2b6850ef1e8ca8fb274530e1837bb6277a15059b6edf72b3b0d53210f081eef0,062db1a69c9f8572ea3b4e22b76f25119b36f4dd94a6218890d8727e574418d5
49,0.851044,1.979477237654321,7.1135730337078655,-1,0b851a864ffb61ea8a2408f616a44a28202a9fb3c9e5dc46044f6956e66aecf2,6c9080b7732e2825d9b4981728442e49e9e2063acff2a8b058edcafe7c4aef08
50,0.868078,1.9817116769547325,7.13143570536829,0,3252dbe9657d13e2ca87299c14f2caf37e62e5e3582ac38669d11692b834b645,b351b1737bd29dad7bda1d011510b30ce5b00944145105f432420ec946b7f2bf
51,0.885111,1.9845537551440329,7.1541822721598,0,652fa5c0d8d5ab0e42984aa85962e2dfbe9106c39efae700530540cbbd2a1e6c,7acf29c6c4e9164a55edc9fdf733f1ec033ef68f76dbfb85ca63e22ad395f114
52,0.902156,1.9788786008230452,7.115875156054932,0,83f03347320c3c76029d27e8cd6efd95df15d807290c17ac8ca34677b7ffe94d,6adbde7c1b3395238e2dce5a9a7e97bb3f3eb76deee4fc76364f008e947f60a5
53,0.919189,1.9709439300411522,7.054956304619226,0,f0ee88d7f62604513d01885d3b67f0bc1082994f4891133af0a7bd5c3013b6a5,f69f26386e0419b69b207741f0ba46d21f53602b76962fddbb38d85853e7cd60
54,0.936222,1.9628883744855967,6.993832709113608,-1,a1a01b8e8a7d4c3e6e951cef87fc8d37763c51725a05399cb90af26a17f67011,b3d0e05d0e7eeb3fd5858cb7240a34870718137c5d88eca977261d03d6178648
55,0.953256,1.960957433127572,6.980169787765293,0,d3fbfb5c0c1e789e260c48b68c5d189203d7f831311cd2695464ea01a5c459f8,ceae0b3fe0feb55f72c71862d0f60435372cc038ddf9751cbaadc74d544aeae4
56,0.970289,1.9506712962962962,6.901812734082397,0,986b439fcaa6ee30629ee92a79a70f51f0af9920a2215ece2676424af99f2664,138a337a0182caeea8681e945d224017c9413c4fe80e555098ef0fa3bd5c9afe
57,0.987333,1.936087962962963,6.788644194756555,0,546b3f6a47b018815bca5a261415c7af3586b859e5cf632110a360122dad94cf,74de689703806c06047006a7e9973928b041d35aa94d432190db793faf8c191d
58,1.004367,1.9411516203703705,6.82825468164794,0,a5f983ee71996e6d3bd523e7b4bc039e12c009eda5dae45427cbf5f1a2eacdd2,2e1b76414361e8c02213f2914abe714a9ae2d8d19e55389e06ac283b2d8d19e7
59,1.0214,1.94180362654321,6.833378277153558,0,fbedb7d6e25776e6bce5aaf3ddc04fcab79de260f391bfba9600da6657048ddb,52b033b9b0507db4ff19163537c451b7a73d43c30f8b07522da5223a747fb06a
60,1.038433,1.9394553755144033,6.815156054931336,-1,1e02783ed1850b4cc4fd0d57603bc4d7b6e45dee4985d1f2731c275eaa87a28f,b29f886048c905a55eb2f7335f20420dca8e4b292f9f3c0d5a933caf2396156a
61,1.055467,1.9043287037037038,6.542501872659176,-1,4221c91b56e2653cc0f98fb0b3892cab4c5a78dbc58c747d90a91aa36fe3bb17,af34edb2a9b9041e743e02ec62adb1fc2cf340eb823d570bd931e927f13aa6bb
62,1.072511,1.9000270061728395,6.509063670411985,-1,97395e5fa7c8d6e80d4be475f4fcbbd8da87a500b71ebdc925cb565dd82afd80,3cfa4543e410a3123e358f129e6ae15007376e609648b855d289bdcd09be9610
63,1.089544,1.9167386831275721,6.639031210986267,-1,d4feb0ee912e44e7e0961e898f1e48c9a43c5fcfc0d2e334440487dfe76520bd,697b5fdd53b4bd8055edb1e2802c31bd116c7b876a701e56195920a9485200eb
64,1.106578,1.9249074074074075,6.70212734082397,-1,55995e7251fcb7503d37976916bf1863111212987e6f03da490e1cbead24f8c5,6b166d5a09becbf587aabb9d033e4c10737fac4ac6e213752efe27bc34d98ce5
65,1.123611,1.9341004372427983,6.772968789013733,-1,5ecdfa5891828d5249b8d4228414dfa992016481daf84cd32bc525fcd52af846,7bd592cf7f117e696a3d1d9fe5e3f27e181cb6d535185c9158e86bbe15559b7d
66,1.140656,1.9429783950617283,6.841573033707865,-1,2b8ea822dc18949709ee63052bb037808352d44b511dc6d83af35b1832e55f25,053e749a086228d315a455299616d5a603c3bac6a7f45e770e3f988f53694918
67,1.157689,1.9411805555555555,6.827026217228465,0,b2167edecd2168076b4ebbb116bf1ac7be87718ff6aa7e388de31b16ac91fdf8,3f7fc52a63f82ac462ab918828bc01b5b12a251139d44b032209a55a72e52efc
68,1.174722,1.9457465277777777,6.862456928838951,0,d5e541f789fdb7f0b0929dc91556c684646da5fe13d254d204537d0cb83cba68,d2af600645ce7d99757b43311887351d94a14811674fbe2b468233361d973ca0
69,1.191756,1.942471064814815,6.837048689138577,0,2971e03fb35f7a11af1ba316ed28c27657331761659805be13bf28926e220a62,4a50bf3aea7e32f299e6eff79da4431c9c9de1805b78e2c20cec7e2f6af99a88
70,1.208789,1.946298225308642,6.866696629213483,0,f238e50c8d0968e841b026cdb178924f6505caaf670001e598a23b6b3774bc5a,41f6030e2950710cfa1f133093e2aacf2fee8a9402e5815edeac7e8e63b6e923
71,1.225833,1.9510075874485597,6.903136079900125,0,999b3aa8ffdd5373deddcbb948eb441daa1b7af32be79570c085eb8ac8fbbcf2,c2a393e134f2226048438ab27585ff724fed72122b56ac50fa42b16c925e8692
72,1.242867,1.9517939814814815,6.909168539325843,1,e251e2e8dfecf8a72fa4675709191e7a8a7a766d308fcf4164bc53432f80f53f,d525c5a9f18aa8550f27ea1119cf056069924dd31194d6ddd89e46da7fb249d8
73,1.2599,1.9459252829218108,6.863665418227216,0,4b8d110e99f70376495ce3f6ccd998352fd1e157b3c8961c4f656ae287c3e740,619df6178acba14017b7dfce011e3c57afe0adefd0be9d1f2dda4aa725dc2707
74,1.276933,1.9475077160493828,6.875865168539326,0,b83714a1afe4e81a253511500b35fc488bbd8aac2a5ca57fcd710f2c3c0aedde,8cacff224a2d0b43e5143a9c89bf660d6e080b9bf144adf7582d98dc7076e2f3
75,1.293978,1.9520145318930042,6.910941323345818,0,fa03a2f4565e3b57f8440271f3191f35aa9cb19b5e597ec922952780f0e18a0d,0de90521cb93f151e27af7e7d6ea1220c2166d9365a0f2a9ef48ff7abedb12e8
76,1.311011,1.9617380401234568,6.986681647940075,0,162f4c2b35c069fbc75baf3e633853127218d7f2fb517e3099cc52d4b49b0e29,bfe901ee956a0169ba903289c0a9d665b65aba627ff605b305abb093cb8a49d6
77,1.328044,1.9487512860082306,6.885942571785268,0,ae0d5f7c6d40095c77d06583b0cdf4411361a89dd0e0bde23237a697c6d8abb9,e13e3913593dac897faac7d2b69ec0509790ca2a665ec8fafeebb4ee0783b32d
78,1.345078,1.9406558641975309,6.823310861423221,-1,8dab4031dab06dd79a2bd6842240476299e843ca660a43b53ea56233aadb1038,c33a7f8927d269bb347e9b580bd6508c9a2c5d6537825f805fed0117d37e6a4c
79,1.362111,1.934448945473251,6.775300873907615,-1,e67fe7524cfa5edbd967e8af51806d000e5bb9ba59b8c3f06c8b9084dea1cd5c,9b4da5dcf1ef38bccc92a9c748e48d0941f3ded7fdf85ef8a045b377b9e16fff
80,1.395444,1.9284921553497942,6.729368289637953,-1,ece199e89967cb81562f3325f7ef45c5156cc83daeaae708e8ce433c6b696a37,ea9245c25af02bf001fd8f0146879fbb45a52fa150f46a84d8bacc697f4309e3
81,1.412489,1.928707561728395,6.731385767790262,-1,c5066ae4531291b5a47b93dda1f73bcdfe22bd90a21ced89affcf224f0bf0472,9c690b17d475c16f4f80aab4002a194e35719b4cf287d8fc55dd0d3a8eaf1b82
82,1.429522,1.9284921553497942,6.729757802746567,-1,421e5ff1c80f52517025aba467f5719a39c9b1de4002a62c85dad9b5b7c58067,dfb20234c2fbb045e4c82a20d5bb2f2dcf272b914af819ed7e986802bbf510af
83,1.446556,1.9300032150205761,6.7416429463171035,-1,208af95cbdf23ec0184ed5286fdc5b20a6b8dd43564b072c30704cb54ce352ef,56163a5973391aedd9bfb95f63c10b185366b3fb2da4dd9b021f87e50fb46920
84,1.463589,1.9336741255144032,6.770287141073658,-1,e69de7a1a632b276a8fa815c9884f9d9e9fb746508b7beff9bf5b73decd65439,2abbac03ef38dac814e621a731c9bf7d711f59315c1f9f3a5bd08285d3a51bd0
85,1.480622,1.9339924125514403,6.7728339575530585,-1,f9913e69e84fd756e96675c310983fc0ad9d3f7fac65db7d7ac136751c90e589,c203fad9660bd2b00f8fec2ff0cd21dc58eff0d9b56ee5a5b1449cf0c8eb72f5
86,1.497667,1.9375874485596707,6.800918851435705,-1,dbd4fcce10035188818bd666a191bd469d1b9fb89b1124e912d5067b590c49ae,8c80538b0ffd3860185b55d43680fb5c4e3cdcc888fab3ee47a339db38078af7
87,1.5147,1.9392148919753087,6.813588014981273,-1,1c81de92d167f7fe371c186341a80e439974179ae82151e55173231cfc96e097,85ad8261d2bbf7f68f1824ef8c2d4ce3fba6d9a383642f564971ecba867eaf2c
88,1.531733,1.9442065329218108,6.852624219725343,-1,72688b0a40b387d1ee3da5bac74752fdfdc5456712db9e0fdfd2393ac351189f,5cc67b4023568d40a12005b6adad72198bd5569db9b2b300a97e1955262b47a2
89,1.548767,1.9458674125514404,6.86541822721598,-1,6796db17a87f6c9e54f97e000d61dc43cfe9c78411cae76cf4a2f96679945bd2,fddb23a626c2d6e63626a8e9ff8ad9103e9725e0acf53f13a8518c252c340fe3
90,1.565811,1.9501922582304527,6.8991260923845195,-1,2279dd93c4133055cbb38b22d6dcf39627c0b757c4bcc4539cc234c9d4e4486d,9758f254cf53b86045e2631c33e4d5521cca9ac005fd7abb25923cd22e1a4c11
91,1.582844,1.953571244855967,6.925652933832709,-1,52d4df2181abd52a7cda2643ff734129f7ff20e1134f4a61bd9260699c8d0c47,1222b22de6e2015a332d8cc6687dad1a8b65b8e27808b167085ed594d2d28bb3
92,1.599878,1.957889017489712,6.959470661672909,-1,fbc952dfecf4f6e3ec163e7a2ad168256ff2abc2418feaca07e3658d89834244,5760f7187d8876c70421f8ef8a9dd5061c3443f3e65429fe75e76463a579a99b
93,1.616911,1.9570164609053498,6.952754057428215,-1,2528801d620b0c550565f64299327254adcdf23882216975e174b664dc6cd847,1d118360e2b8c90f87bd759c26ffb49445665fa29f1e09b13b566574bb2af968
94,1.633944,1.9588991769547326,6.9673607990012485,-1,9299c5302542344761e57d52fc224d98f7a76aaeb0cec508d2d0e62146901f65,a5a85bb97d156f4d6849e20bf0cbb8ad5d8162d839c7be25bbe3e8776ca68caf
95,1.650989,1.9637647890946501,7.0051186017478155,-1,9e86dfc49ceb88c7fc5bfc50785f347243ce87a3795af463a9469e7febaf3395,d70251acbe42db5e56eeca1804b7bfbca24cb8d7f8970e5ab69e2bfbbdea1e9e
96,1.668022,1.9660146604938271,7.023460674157303,-1,92e94e26247c41e2c4fd7786fb636507acc3f92aefeca59b063d650b0cda12f9,9cb1c8e48bebf7ea5e3f0adbf1a963c257060864cdc058853587370ab3e495ea
97,1.685056,1.9676414609053499,7.0360948813982525,-1,f2b94f8bde595ef8117770959ca552367eec10fdc3ed23920c7300b1b517c8be,e3ac708e1a225e449f2b6ffe440ac5df771cedc0110d550670826bccfd3a2a6b
98,1.702089,1.968477366255144,7.043365792759051,-1,24d02dd3978c33a808f8c6406fa3c26c4d2b2c221d677f898b8acd77f5f283ce,6bbb8d470bd045d6dedd7a37c3954ba684f7f881ed39459b14ba810776babb78
99,1.719133,1.970392232510288,7.058312109862672,-1,1bd856fe644a3acad632c2d87d72e6305a2d1cef1331db15e4711291761544d4,49a2efe8f4fa953838c1b3f19452df9dfca157ae6572c06e4456b497091a651d
100,1.752467,1.9730176183127572,7.079255930087391,-1,7cebbf4c68056560e5eb8a7af7ef74b8fb4bc8e627a57d937e857ac15a032585,32e587f211b7b5e31d8603df45d338e50344b27b5bd926493598f5ac86d00a69
101,1.7695,1.9795119598765432,7.097468164794008,-1,dfe789007f0b2b582bf1f788bd5870b572ea1ee573b315cb9a80b624e00f4d66,0e5f7df1d889b788aa8ce944e9950887cdbeb23e36e5c743a947501c7e2468aa
102,1.786533,1.9796971450617284,7.098561797752809,-1,e5a32fb76847b974eb520f21ff0dd1695b83f960289c1710d0b60b05d7657920,459c57431dab2bb1a888c8818a815b57c96890ee4a5dd770d707f82fcaba21ce
103,1.803567,2.013885673868313,7.1292034956304615,-1,da6177b2258654efc62caefc34e6f87c44392b6d568a45610770920b4e8a9d0a,fecf73df90e95affd78e6ec259195d8fe5ff4851de727eda4ba1d08caa570524
104,1.8206,2.011688528806584,7.114611735330836,-1,0090faf29efb8d6ffa2212b96a37ab86c4aea7203ea2353124fe312b09e8ae72,a2145222adfe7e11bf7ed73dfaea6e5821f06d0444f779672f8341f28e063fe3
105,1.837644,1.979378215020576,7.131905118601748,-1,849976ed94a2d4b494ee11fed32c594e1a680307a57f3bde1533e7896126f5cf,a04f3147fe53b8cb5141bcff07b46e0076ab549a9c814d35e0916002b59e9bc2
106,1.854678,1.9792599022633746,7.131465667915106,-1,c8a4f4039c7793502fcc90ea43eeffb2acfb4d17ad5c1bcd98011a34db98e34c,298f46948539c5385ca3904e74b89ea194d3609cf994a13b7b1e6e0e1903c6e6
107,1.871711,2.0153086419753086,7.15361797752809,-1,71626e527396f84f0097673f58d2edce695255cd66a4bfd3f21a28615ce8bbbb,3e308dfc2cfb834e25fe3c895f01731aea09a3ad8f947c759ff788bdee72748f
108,1.888744,1.9841370884773664,7.136444444444445,-1,ddb97b91534291f6f7bdc935c7ea16abe666673878985985bb94575513045155,2cedfca37a414ecda840a47f8bfb84a267df618211426fc1119425c8cf7f8332
109,1.905778,2.0187461419753086,7.16587265917603,-1,b6190b0da54abe271e990a27d4a1ba0b99a7ac5d17531e7fba62ba09b3ece2e8,3db07001acb4a20cab8f5f89c659567e75b2ecc0030ffb6b80d4af4088b295ab
110,1.922822,2.019347350823045,7.16916354556804,-1,e1f2ba6c4f1b1c6cb859f078107f04b7cc6d1290bef7a539f7f3c4f37617cf22,2143dc433bf863f966a81eae8ef37d3c575283fb3f57630077dd29fdcd10601a
111,1.939856,2.017687114197531,7.156,-1,4c130b35efd23a12f46e2018d6f6ead0aeb44630a52c25fae8afc47746ed348b,ead1cfd92c3d2a9ec3249f523d9022b37de48d257db51a15f87a56931e1f1d5e
112,1.956889,2.018883744855967,7.164799001248439,-1,9b8cca6bd06e74182dd2c91612d5ae3c4c869100ffa22c9852af586990dc3afa,6d46089c6aa0dd332ce6e0d9dd887ac268281a489658be5d969d46b129804be3
113,1.973922,1.9880915637860082,7.163335830212235,-1,65a552684677c4e41564ef99be3a09c53c785a784d9e10425017dbf0c6a148b6,1e2401be87635a4be931a490095e86c36b1fce1a60e6858225766fa8c8742f4b
114,1.990967,2.01654771090535,7.164858926342072,-1,9e009fa4cf38481ea20d29a755989ce249a7362e6a378a7c477c27c46feec729,4ef765eb36eb4795134f9ed6c97716953ae067620daf1f21f2a6a2ca5463f2d7
115,2.008,1.9846090534979424,7.1707615480649185,-1,7cfd9ee84d72b92211e378e1ffee0a046570cb64b4189985e2710aa3ac36e26d,5493854bdd5f6cdbf86032dca9ac591de3d8eb7b854fb014d238293e1e7e6f16
116,2.025033,2.0181385030864196,7.205632958801498,-1,b6bb4875c32cfe6f8d42119b9c2152fbea74e832dc5de8449bada41e6913bcef,0dc2d472be2ab048eac7b1a51b446ce4cf5007abbbf365916cd464ddadbb0025
117,2.042067,2.0220724022633747,7.455046192259675,-1,c089255bc784068b50021f2d8c0abc3d4e355b9bb90b01d9ae2a0cfc86e2b979,ddd593d1b0f9870a53744eaa7c9c9a2a6306235209e232f6bf2b4da199b490a5
118,2.0591,2.0180979938271606,7.615325842696629,-1,f0b3a96fa395b3388d5271a990d89b51d8f70279362be160207d270dcd0eead8,873b6b54c761edc9acb3c519c213fefe3d0d3aa9a2106bafc1d22f833bad26aa
119,2.076144,2.01681712962963,7.811011235955056,-1,9615aa538e109ae9bef6c948643b421828463b0733ca149c89b9f08884eeca2c,79795578e38a63b95a17a810d2f4297b438cbd15e05ea9548133aefeadbdb44d
120,2.093178,2.017506430041152,7.900034956304619,-1,0f13ee93e81ae28a8600b54e7bf1ba4c65e1ed75472caed00b0f02fab1fcbce8,90a5fae9d44b7f61e184935162b74433bf799e6a47d3c7f0c5a6969abf73962b
121,2.110211,2.019823173868313,8.00070911360799,-1,9596a403043ba360a316348e0efd6dbaa97ffb9713ae54f3a14e64da358a8a13,6b2b63f67ac783625621eb5a7475b0db680de6a77fd45bd711ce6b3250ef7c69
122,2.127244,2.017629886831276,8.000244694132334,-1,9345f2f2bb832a0cb3cf07f932c415c80ccf62f52141894c1b3ff2d41a2aea1f,4424b1d1a0fc6487913fb46841352f567db1fbd1acdb5e4d830365c3f14290f3
123,2.144289,2.020715663580247,8.024044943820225,-1,d46a7a4dc4cd887718c24cc8abeb1099a0e1b36f63bf2c107540cb54733bb20e,56d6c57b1fc043cdee4a299ae956d886be578a2f1909824bd105b35e204f69eb
124,2.161322,2.024167952674897,8.051006242197253,-1,2ba1a859e20e2f748e1472dea518dba2255ce977e7fe2c336fe6274a8b41bc49,c8042dccdc66314a9a770dc7766bab0abd764632b2f0d82cbd3c2933ec435843
125,2.178356,2.025490612139918,8.061263420724094,-1,dbc384e78395330ae0e90525eca5fdef9750705235592fbe116068aa50ed4127,de362a8ae2b6c86784afaecc734029f3dc056d0d9462f224954c53361aa36f38
126,2.195389,2.024493955761317,8.05358302122347,-1,e7a8061ea62c9334b33e5cd6980c01dc07196c1e7667c843ab9813440b8317f0,65652541865e4ae5c54290c073f3367035706d472487582fcad81d5320de03ef
127,2.212422,2.022687114197531,8.039505617977529,-1,67438167a8ea0fb17832f5ab3580f1c58f1595bf42494cf5cd2e1823d70c2e49,4b465ce0a513f92995ab5b9fd722e3f2b111d69fd0b9ffdb9666c2517551a8bc
128,2.229467,2.022417695473251,8.037458177278403,-1,0269033986066687eca8eafd8866d970da14200d6af92be16dcbe720d71ccdca,7a7763095dad30172362e579df8357b363cf4075cf5ba29d018793cfddaf07b4
129,2.2465,2.025839763374486,8.063960049937577,-1,1f5a5f321b605d70ddcc4fd49ac557fa9081c41692295514900a26880ec4a052,9a1cae067a48df07e95ea033c3764128b67f6e4c6c00e5c76a395c247e93b8da
130,2.263533,2.0222202932098767,8.035985018726592,-1,10b64e803721a9ec7a590688f0bd57d9a27f4c81bb7ce06a48a633ff7887892f,ec34892a8f2a838a86172d2254d17483d51e07d3a8dfe4af19a40fa039d6611e
131,2.280567,2.03855066872428,7.9811186017478155,-1,717dd66ed0814062f7d93e06ca71d6e202398357d45cc895e5d56860ff503fa6,870421d6f8bcada36ae68b34044d955b45a2375da209db55c3f295716b64a965
132,2.2976,2.042403549382716,8.011041198501873,-1,9414448d9db2b1a3e36a45a9a1483a6fe34ca34903c8f54a36e7abc6ad3dddc6,d525070ae0d6d82a088cc5e09f864186eb803519b9a01048e86c35cf033f47a7
133,2.314644,2.016498199588477,7.843845193508115,-1,5e5be3a827a8430d9fb4338d0e0f06f0f8a4bdb77f869756db9a403c99d1fd8a,725d3b4e53be3afa936ce39c8a95ac3ce740d862deba7f2633c624fc21b57936
134,2.331678,2.048114068930041,7.552679151061174,-1,cd4c51d49983a61b55381df2179dd7cde5621cece1da673c3637cbccfbcff8b3,f9917f376bb210ab9571f82b7e81d58f3c427b612effdb03930581d6b7bcf20b
135,2.348711,2.0032310956790123,7.043955056179775,-1,702803458e00f7a49ae44030bdb444e50d1fc83155ab58c4f23fc95811296e8e,e0565b1c582973e7e5282a9433eba140a6f68748712110d5648debaaa82d9824
136,2.365744,2.071963091563786,7.576309612983771,0,733da7c43c056db5db42d275231f996917ac4eb7b551a954c4e79ad908cdce25,23b17e24e8f022a86fcaefbb4a44b71b80b40e76b91080e1addf77af99e9ae2e
137,2.382789,1.9584876543209877,6.930007490636704,-1,09b6073f310327af17860a8d745cb8aff1df3ea266c96db73bee8397e1ce3518,ee329392e5978322f430697722f0c365a192ba3f2a213d78a00adb32639850d7
138,2.399822,1.9913998199588476,6.960624219725343,-1,27d0f499889fc656e5dc916a0d17d5ad6b819c117347d4a3b934ff801d9e5d32,f5f572de8ea278b5e46a1fb039d827da55dfbf4d9e7e354e98aec4e09730b9c3
139,2.416856,1.9682735339506172,7.005722846441947,-2,c9cb3c3ce018c62c82cadd641c2620134dbec948734e54a9bd49d8a2637f85a4,900d56bc160dd798e17bb712bcc95c614a27d516beebc76aac775b7e44ddb698
140,2.433889,1.9382600308641975,6.806157303370787,-1,b87d6a25e2eed47bd31b932caff282d9be0b32a88e2be7e76baabf6a978db546,8c0f11f65626135c2a3a67886881098065d39994f0f5e0a753becdbb8a88a794
141,2.450922,2.0038792438271606,7.2813632958801495,1,be47b98c99db0c363e9b81512028b0d819623803a94669c1fe36a3f008f1e529,c7190420adc5978d13364ac3a5bcdfa8dd2637f6d9c53ded627eae57dd90c67e
142,2.467967,1.9643994341563786,6.751815230961299,1,80cf94371359630133d89a663de62bb303728ae7f1ae4206c55c76c4f6f2ff01,43cbf1f48400037381bd85ce0170f8ccee49ec203331b5f2a8e242816b23d0d8
143,2.485,1.869030992798354,6.237792759051186,1,0827a540ac8f80004a012b72f10883cc969981754c5e1d6e011cdd3bfed2c4ee,d6aa8e679b9d6b2ae2edf0dec250de4232797ce1212af327ee33b62ec5cdc390
144,2.502033,1.7489113940329217,5.070661672908864,-1,5b0ba02185f65561678e3ab3561223d5a7461c10a17a12e5f17ee204bfd94dd7,ac6cca89986820a65dee9ce335822b4aec21636efbd92ed971d81903de3998a4
145,2.519067,1.7054796810699588,4.967096129837703,-1,933bcbbb3734910d62e7b235f89be1cdfbbcd9bd3be187a5e535e2bc400a01b1,f70f59515bb81215bab2ce3e72051b3ae412dcfd16670310e22f36dc80816943
146,2.5361,1.7014364711934156,4.704324594257178,-1,d9ab4cf3182d0086141530acbd83af0fe2f682139cea81c1cc62b52ca48d7e51,765efeb9215acd0abde1db3ab0a997ba0d733bafc3906ce5c456e2be1b4a23e7
147,2.553144,1.6696000514403293,4.687995006242197,0,3073863445f63fb558d1b9c09c799c5626ae5eed1c7d390a1748e74c465cdffc,84bf75a53c10fc5e6a2e6b00d97630383ac8ceb5f96b00501e365bad368a2559
148,2.570178,1.6607735339506173,4.619760299625468,0,0dd91cfba823a8f7cf315c71e4aade4d1bc45c17b9f4badb4dc17edff2f21662,c7483e1ef87420cf3150ca2b0fa51c58b2800706c37aef048c32f3ab6179dd49
149,2.587211,1.687957818930041,4.597787765293384,-1,e9e14b6b3e72927beaa296c3d1a30b40f502dc1e565f24a8e6f2b1bc16d0c3bb,a034d93bd812bdf6166a87c419379ebcaa64664fb81a0071d073e528e3c5b7d6
150,2.604244,1.6613078703703703,4.623655430711611,0,7dcfba0c455398d4c3bd6f233e71ee84b7482839002d189d97340e98430c9429,e0d239f57e0d4c7134913132fa79b4f1f64e47a43ad33cc6af7dbcfbeace6d48
151,2.621289,1.7332632458847737,4.94821972534332,0,44b7275767df4612905c8f5cdc8ee500ed308dada04f2ecadb4537d148c2edf0,a7a0730e46a7ac3768b193488eb8544635f7019c07713147d6ad2442c1568bfa
152,2.638322,1.7805523405349795,5.3154806491885145,0,314b3df4788cbdc0cc0b13acaaf00ee0b645e590a6e3dc46e25ff722ba049e81,ed48605c83c6b5b69cdabeccd91153fe343ba272f1a57b1d28d61b453e921992
153,2.655356,1.7977379115226337,5.4489937578027465,1,9205b0e6cac4ec0bf3732c1a01e7e7ebe3134e3d305111f0e24b58ee19c47a50,1cee00c454ac9d98ac95ec51fb13cc1f8ea45827ef747467bd23baedeadd8ede
154,2.672389,1.8203202160493828,5.624464419475656,1,614b59a5bdab2746e5e6d1c1fa3ed186c9d1c54488f300220ee8bb08397e0a27,0fc354af615577af86245ee3bddd5d9f5665ea83af2571032a67a90699db9736
155,2.689422,1.7992920524691358,5.461243445692884,0,b2f201edc71b650900d64590314d7acd8272db341364e2c388a860bf898533f7,cc3f6b64ec6de2e795b5af34ef9b51eee098e6794eb677127604cf8ced1d605c
156,2.706467,1.7952115483539095,5.429538077403246,1,1ebad7d6e6a9d93ea028f9c5827b6a7d510077634858d043cde7dede998ff427,8c75a05a6cbb3f11464165525686caf45e49af6dc82e0f233fcb9cf0905fe892
157,2.7235,1.7979211676954732,5.450312109862671,1,d96ff8df4779fbb5a05889fb3f85b49e751c40320069e68856df7ea23fd5c79b,33c959270cf4aba85fc11ae18cd2d0de0ffd4992edcdd32977d87b205215de87
158,2.740533,1.7891126543209876,5.382022471910112,0,15b42f43de9ca85f24e60155ca504bbad4414550c16a330ebde334fa91b586e5,fbd1bde98e01725c912b83235258179a70ef13473d62086aa79b82e4b5f5b038
159,2.757567,1.7739930555555556,5.264164794007491,1,51cde949bbf7bbe488d8ab3cd24a24346d04b1c65503bc1071011fc72ab5c820,e1703c315486f22acf9f10a958c83f4d7e82c608370e07f5b77d213b0f1b563f
160,2.774611,1.7601427469135802,5.156584269662921,0,6c50f21626fdd550c1390e2a630b8030dd05357b42d695c6f429eb7a31c6fd81,5a21d8ef4dc634b86cf32edd1b1a0ab5824dd9c8e3d5b22bf94a4f76229493f9
161,2.791644,1.7457716049382717,5.044943820224719,1,8903ae5bc87d1cc39465a9a2cf937195ae830a0f22c8e3ad395f05ffce0539a7,76a736ce5aaf748596f2feeb895dba32f1994db453f0225006e1ded05c5f8003
162,2.808678,1.7305041152263374,4.92607240948814,0,df3ee61bb5506ce86d7135f1345cccf07a2eb7505299a1775bb078a11884a3b2,baa362513600d7d09bccbe6b4ba12af3baf4ce37b73176361780918df878e589
163,2.825711,1.7265438528806585,4.895300873907615,0,160a97881cb26e91133d035994f28d2995eec7645fb57197087d134d031e48c5,d055a4fcd7cfcf9ba35d267b7ea697b9e808e7654e51c56bfabfffc7f054c5ff
164,2.842744,1.7039621913580247,4.719895131086142,-1,60aa5e6e98bb7d52a42e8f2d15cddb10b248e04f88198328fddfa1db646a41ee,6655624d3975813b6c81dfb2afb2eed350dc1104d6e59fa67dc0e04957365ff7
165,2.859789,1.70166216563786,4.702047440699126,0,88f5796de5158af8087f6fe76dd5010eefe334d2f80a1a9a039dc741dfe7829e,9e51ac8e0344c6cf074ffb87693ddbd1474439ac6c03205377758bd19a27f9fc
166,2.876822,1.6854198816872428,4.575860174781523,0,7c22eb806bf90309d205c73f9afa1f3f88136d92d1a79bf2ddeb91f054717b3b,b1a5eede81ed099260fdc288ad0f25a6f550ee9ebf3e4c511abe0221ce5e9d41
167,2.893856,1.6819534465020576,4.548938826466916,0,ccc9d37611aafc280b12ccbbddf4c508a88ada8ee5a73321455ff63136a089d9,d81d65a8f476467d43618ac6901e21faea0be116c9dca980e74038050bedd5d4
168,2.910889,1.675690586419753,4.500314606741573,-1,c96d1e35b29c81a08ca44498123f755a373cd90cb04e9449c2a5f2e283051573,d82629fc9887957679d5771b098d004cb0e4931142dea114a437f904a1127197
169,2.927922,1.676113683127572,4.503585518102372,-1,802aed4f19a44738f12c7c80b1c42a9d904aae572054e142a5f256b86ad16182,03511703ce272f4aca7abb0fcbd935896e922a730d5885f0bb46bec98bb89c7b
170,2.944967,1.666670524691358,4.430202247191011,-1,80d251979df47a58a3fa2e123b6fbb96f967337db12ae6cbbf7d119d1eb9d993,df40041b8a80b635d06b6bd4a4b1ef70180efb8643777395fac4f730bee16a84
171,2.962,1.665999871399177,4.42496379525593,-1,430eb79e635937eb688bc2cf66c6d8a43efedb3dcf16048418b1c9798c893ba6,7c6546a7a3f368ba667c015e273b26d6d26310f36c38003f1fba21c962fee91d
172,2.979033,1.665733024691358,4.4228764044943825,0,75aebf83c975bd8bb850ac178e44d74432adaf033a6beb952b5261a179a3321a,28d864ee15c08ffa83c4534fea10e2e7e77247b7abc2f96a5ce5d9b355249ace
173,2.996067,1.672903163580247,4.478591760299626,0,8412bb3343c49e6d51a6ce562cdb5cd9448c271fc82eb4f5002d15f445e02beb,923294a75360f242caba2eb576c9d8202fcba8f241dc22c07d4165baf5ced8ca
174,3.013111,1.6284902263374486,4.390761548064919,0,62ee2dbd8c36c3b7a74ddf0af2f259b1dffcfe1e3861fdbe4b57cc8f0c02aa83,2e87b6cac34035471616756c255cad76a882e293f191f7314229e344fab6fd3b
175,3.030144,1.6231899434156378,4.349897627965044,0,955764298e532c67ca91c4e5c750bf051cfd84e7627bff0845a464dbeebb00a1,019f93f4c96b4cd1b6d0386720f8e36618e14b49b58890e7ea50a786eed80554
176,3.063478,1.6660988940329218,4.437538077403246,-1,98a9e965f20107aa95ce6cbea82b8b12ff8966801b7c66efdbe8fef851c0f06d,348a210659828de0b41b5b15af6fff2f33a0e4dde82360b3888fa89527d7553c
177,3.080511,1.6505748456790124,4.530531835205992,0,ed1ab83e5603bc78a67702768f8d859b1c31e317efa119cc14002c37414b98d1,4d88a7de9cb5f97e87b90dd358af96035e08378fc652ee6218b6eddc59d712c9
178,3.097544,1.6887397119341563,4.596384519350812,0,88328ee142d61f00db56520976b621df3a409fd62afeb0bb9e8ed578e61817e0,5e4a1c9ac779d68c57f357857b58fde00b72fb6fcacdb0073d7650f1d91b5cb3
179,3.114578,1.694076646090535,4.652079900124844,0,5a18d88e167f99572c2844ef6ecaaf39733894bf4d7b125569eff8f27d6c4584,947691f2853ae3aac122dba0539c4abfdbc99354ccf55033ed8612db313a0bda
180,3.131622,1.7018730709876544,4.6974681647940075,0,0bf8743969aedf2dfd903222f580a7866633141df3a312a025e0d2db3b2ba151,f630ded35dab3e67f3ff6acb6a049ff851f0522c4002c06fd33c1855266dff0f
181,3.148656,1.6745666152263374,4.724754057428215,0,a8a6a5ed9d8f00d1b5ba2c57fa667fab00935e27d48ec2cfdd37d0b9003080d3,5be4e859bb5334036d1415e64f29e0e7d9a41fff55183e666bc3d88fde1889a4
182,3.165689,1.7061220421810699,4.73665418227216,0,63d7e06d7f51a47a34dc2823e205097e764b2494440cb059302141d573f152ba,b35ddcbe141c63ffde6b9af6c6f23e30b9111667a89c6bf5b3060ecabd497dad
183,3.182722,1.6763477366255144,4.736099875156055,0,acf88d965150aeb5b8c794f360c956b6438677bf07db6ebaaced244e3b55d820,f713d1d8576f7b7f25508ee394506082bdd38d248f4b105e83802b3493a50547
184,3.199767,1.6764647633744856,4.730866416978777,0,3c9ffb00ea775a30239421bdd2cfd669603a49593e6f012f5da0c36113066bc7,99c161039993f793832ee95c89a7467a08d800c753003f6183779907589b9a57
185,3.2168,1.6685603137860083,4.709987515605493,0,92c7db828f3e82b66d8a25cb9af9273cfc21a031ccebe0375608a197df192080,caa01663cad08310e2b5296861c42ed621331cea3455151cecb986bdf7e34144
186,3.233833,1.6996907150205762,4.687230961298377,0,14dfa33dfa7e3eb5335e47171514f616d5650c147324f2381c24f510363fe316,b632285b5c5db2e35d3a37c43af8557005fa5adf87b89a02097cbe1816b1329f
187,3.250867,1.666920653292181,4.66627215980025,0,31ff95ab3de36634e32e2965afc267502f70fc288d1e69a9cceacdc44c7d020f,a769a866e46ec4954a4db0198828656ece06e24dddd93adc3e1d89af2e4ffa88
188,3.2679,1.6922858796296296,4.78340074906367,0,b320bf776d1137cb7fffd6e55ffd629e4fa9889d47ba078d5af6f0a2d307c909,af5d6a2de9492180167a13d58ee7ba0061100eaea9e04b7d0e36cf20c613d9d6
189,3.284944,1.6552192644032921,4.908893882646692,0,06580602ad072d36da8af6cabeb5fbd887e7df7cf4107c48eb890ef4b39c6500,e7886afeebda90629eb03b2425cacbc52ac033a4950cbb6f112cfa562b0fc493
190,3.301978,1.6554243827160493,5.005138576779026,0,b43c75b0d97c42c74e09f1039886b2a674abe17087c082c6df412b1fac1d2d31,75e57f7086dbf26853c82471b8e84274f72c49f5c60857dc88f77f79bd9cd127
191,3.319011,1.6822897376543209,5.12901872659176,0,04476b10f607d75c1ba900599cabd74f3033590daff5d51c08312e7d5ddda207,30f955eba190ed7934c4fd60ff4b3b5b45fb2c8edf68d7376afd5dd81af5e061
192,3.336044,1.6448630401234567,5.02076404494382,0,e59e09dc6c08478c2f2ffb00a1badd93d7a3618dceb9aad5a236b754b069df84,9a89200d13b3dc1168ba959a67999ce5f4ddad9f0444d01aa9174424bcd14789
193,3.353078,1.6472222222222221,5.084659176029962,0,955f6426157caebaffae402971ad8cce2f4ca4e4d520872a499095d8c2d50ae9,67cc1be5cd3adea83141d585f338ee618057a21226b04643bd55b119cf28bc44
194,3.370122,1.6778215020576133,5.258691635455681,0,9f3ab945caba1d42b4436da5cea64d97ce832d51fb2e1a281ab0f9eaadfadf28,a481203197442a12bbdb63c9e02fa57341d15758b41fa6e5847ca2e6e685cac7
195,3.387156,1.6750231481481481,5.264659176029962,0,ac685b9d7d780ee98b8710ecb65addfd8ba90b379de79bc702c73b0b68128728,00f9dc013107d720a581f85c7c24affc968741c0124d9d2b76d3ef73abe6e8c1
196,3.404189,1.6475212191358024,5.229558052434457,0,e4d77d1cb9279cf101853c3c7952ed715911c72a536592569e33014aa016b303,3ffff9e239e79fa3b1cf0dfb5b20a56d6d0c1577c69dbf7c15239955904ba773
197,3.421222,1.6762307098765432,5.345033707865168,0,864a6d612d57100e10615991dddfcfa8d12a4e47a5dc7b8dc169016ae6e5625f,5b489612503302ce0fe0172595bb6797804ad5b668376074714ac067f077892d
198,3.438267,1.6773951903292181,5.404878901373284,0,1ab18f48958e6aec95f8f77e443a2b902967466b2ff9429aa7ed929fd5df3099,f880e12851c6b5037238cf72f304d06055ed75dbd621daee05729ff42ce4fccf
199,3.4553,1.6765907921810699,5.398631710362047,0,6d77cf7cbb57993593066f4353ec45396182000285f574805f9de452e760f151,8d5113467cd21c3309e28e5a57087d787e637e2396b3a4c866dfea29610fa5ff
200,3.472333,1.6763490226337447,5.396754057428215,0,8f03e3ea0654780355dc230efbdbe3a0a102ebfddd01583d90911cb2070b8899,378722c58da4833fcb8571a202152ab9297006bc236fc2de1fc0b7692e219301
201,3.489367,1.6760866769547325,5.394716604244694,0,a90ce8fca813cc64665eea56430f2d651fe09201f3dbd38931386fa2a965fb42,899828ef28d2b6343e11a862444185c7c9f30bddfbd8633e9489329165c28616
202,3.5064,1.667082047325103,5.324799001248439,1,3e33d00a699f0e4614ef32fbec5e824f0ccc80f09247066c1a4fbfd183795f98,6e52fd64a5b31af3ec7ee1acb8c6ffc8a74a9d67c6866c6518759e3d93d15b55
203,3.523444,1.6648971193415638,5.308084893882647,1,dfc840ed9117dbee38c4d94a3cf1431d8ee4463266e39ba4f0231644d4a62895,d0bc52e1c486b45ad462b5d8c4289f9280f7440eb2d922cb4675b628d86f63c8
204,3.540478,1.6633371913580246,5.295895131086143,1,f75738b407884271528553e67b5dc2dc7a488d1be4aacbc3b5c95a6ab34e9dbf,660a2b2341872b209607e8c9e52ab25a8f37f4512d5b18117f2516ab52fcdbb5
205,3.557511,1.6390612139917695,5.163210986267166,1,d50f1ebc352b05e4c4148f9d47b9fcf31cc5b061d2ad929aa9113ff0fc401bdf,2b4be77a7610ed4eaaaf146ecc68c0cf863098c07aeeff3323a7d7098f508368
206,3.574544,1.6401549639917696,5.170372034956305,1,7dc9dd5af1c06352baeeb96b081ebeb7f0a85714a2272a8c43515b4127a87fb7,f8c2ea540b69668eb6a00b88e35e26a85140994e061a78cd8fdac66c645bfb19
207,3.591578,1.636045524691358,5.086441947565543,1,b4c7165602986dc05918c47faee49264a623da1eb93704dba43f1d4e2b510d8c,be06b94a8cf9603a805c7582ed77cb5a84d766410ddb46a89dda2ffb00b44ee2
208,3.608622,1.63119341563786,4.912953807740324,1,e47b0fae3d34daf02764edbfeb0ff824b479991b6992c9c0ded1aa5b8934ce0f,98348df90fd2b074a1c776dee1a3a88f2b35472955f6dd339a8c9af4ee62a426
209,3.625656,1.567692901234568,4.254801498127341,1,0d5a21933e965d6dfe805bbe59b5f4e53bdf0d9f97019d8ad871b3759729dcb4,b28dea40071baa52219a9a86115f9f146e0aa64c03c0b3d47247a3a1a45d5bf3
210,3.642689,1.5737647890946502,3.8955006242197254,-1,c1e7f4268bbdb3a3f1f90544ddbd79c32fe55f81fa8f3471c89014ce6fdb4e6f,df70c605a246ff292ae89594bf8acb84789e63d53aeac78c8b4638d607f49fff
211,3.659722,1.5436792695473252,3.762192259675406,-1,3034b5e1602afc6f008325a926c43af649254b2605a5be9febe54d9ca0f3f394,a05807d9a117a5e4b56e171d8a87071b549e68382ad1d54284cad9e2b55b3146
212,3.676767,1.6619894547325103,4.404124843945069,0,c11d6119377543b8c8eee2b174d554bc0a44fd6bcefd11209625a3af743dbfa1,93572014889ce8c64c3d60618fc7d353085326a0f712d92aab24b639c4a80e3c
213,3.6938,1.654102366255144,4.5618377028714105,0,9e42940fa87c450b8797afe5b940f139e79d98e6cd1bcdc6294247c25e7773d1,5dbf28a76acdfdff5887d242ac0cc9f7749c75daee126539a3ecec4296bcba04
214,3.710833,1.6940901491769547,4.908499375780274,0,d80096586b6b1fd66d7e97a8de8799ac27027479da2381f95f633683a69cfe34,0de41babe7db2f8ac31a1f70de34d604ab398b94e650b8440b47f11f65eba135
215,3.727867,1.6944071502057614,4.64081897627965,-2,9be48981cddf6833838fcdd2de9e0c94a9825717c3f2a497ffb979be5e1b362a,f520d6ad6b8506711735707c1cff5a326e76066eb8697e797b35617b4684ea6c
216,3.7449,1.7439248971193415,5.040848938826467,-1,4b0833ab93a308fd854cdd29394755117e3b2951c3e34e1e4a9f5b7ce8070aeb,23750e142d959e0ba797b17947959dea742ff085aaedcb20ca836a7192927d4c
217,3.761944,1.8186201131687243,5.60389013732834,-2,34ad02ccb3d03747db6a0ee21f70063ddaab9341feac0a4d97f3dbba16f5729d,ff9bb6668254cf8ff6ed4bf310ae7ac7996fe96145a61a3a08f3f2252bcdec73
218,3.778978,1.8981571502057613,6.221373283395756,-2,08bca05ca77c95c4c64133d47dd4145c7e182c798cef094b8d53da32fa28da63,54087641bbb99eca22ce92219cfbf3132dde6eeceee646f2df793445cc7d6103
219,3.796011,1.8932317386831277,6.4146566791510615,-2,6926d8a9a5b887e38896270785dc215206da5cded8825f93bac9a84b08a3fcb4,2c0f9068dbc4023c4d0c59eea610aedb55975b30fb106870cdb7a6c832a27416
220,3.813044,1.933297968106996,6.506137328339576,-1,37acae2d0b5e830f6d78f9d2ef2177d9628680b546d40ff991522398e58c6bcc,f0938894e7710ec4230ff29a5ebc7921ffef6a229d0359d439929a19019d9de0
221,3.830089,1.9135551697530864,6.61250936329588,0,786d2d36acb85f687a334991eaf644f30ebf98203f7c2fa2e54e83cf7f0808c7,7720a06d73649dc6c67a12e82e744eb79a454c97300956d014f9261f2836b54d
222,3.847122,1.935019933127572,6.780064918851436,-1,de8950dde45f8d2d56ed6acdf3b6413c51432e66e525490d2c9e5a03254e8a4a,5b0571d3f3717f06f3a5875dff7c7641188b07b340ea9ba5ebcb661eeb8678ac
223,3.864156,1.9908230452674898,6.946961298377029,-1,ba43df0e11f9d7a54a703b93f6a1460c93a955edc867eb400f06eb565c7403eb,a1b4c51d6ce30201205c64508958bc25375618b8b358774a2c973ea428533871
224,3.897489,1.9938914609053497,7.227900124843945,-1,f09bba62a6867f1cdfab15ffa8504b59b7a6491a3bc6bd14286c3bc88f8ba6ac,7407e4aa1532e728dec10b28750b277a7e3d948cd03a9561993e9acc0b4c462f
225,3.914522,2.015095807613169,7.132878901373283,0,f705992a44cc07cb16e54b607bf85a56fc4a17e95fa6b24d0c3dc197b5410a55,17c2c3f9dfd2ca44a7a76bdc0d5072c0912536df0bb8c9b34129b6bc2f4fa723
226,3.931556,2.0164293981481483,7.143820224719101,-1,ac5fdf3da58941937f829b7bce50b023e8291849c6bc56443669799e8810e487,ce96c2ed5785b9f58caeef4411b2629cdce994193fdce3534266c9e73831c3ab
227,3.9486,2.0053131430041153,7.058267166042447,0,d8dfa396d0a5d5b069330909a6154df7d16a4805984e7a3f26ea601ba5c891ac,a0fc9c216b707b22b3593443f590a331701268f77183ccc07a4011ee1592ae3e
228,3.965633,2.0183539094650205,7.16312609238452,0,ef80ebc0fa2a8fe086bb2f2cacd5a2ae20655c966b6ba7df223f32b09f210edf,0924e8d581badd0e5507a503978c0f77cd5efb3b7515fc51e5271502246943fb
229,3.982667,1.9994444444444444,7.016868913857678,-1,0b2afbfeac8f0b15befbbade4f481d7c5387d751b12fdff6878600a4adfd63eb,8b4aad8213b341d50c3d44f8f586e537897ee59b4deab53d53c595690955a9d4
230,3.9997,2.0156288580246913,7.143475655430712,0,dd20a0903eb79cd1934bcba236e5999ab0ab7e093e5977880e92fdf3338b439b,0163ec79a0e3ab185bc2b936c7efb76a754154dce007fa5ebecfe0012a5e60ac
231,4.016733,1.956039737654321,6.939205992509363,-1,f0bdac0fec9a884f88d353b05e0911206c09abdd67ae45b69dfac1dc19234119,2266c58755a2abeda99a5989026269f06a95d756251e804fa3d536cc6b44c755
232,4.033778,1.9706198559670782,7.054312109862671,0,41a8ba6cad7ef206914e0737f31461bc7574e78cdefb664fa7146c8dcf5bd160,b9a317743aa2afae945ef985ee528b75a4f60077306eb5029b1ec6c53aaf1865
233,4.050811,1.939179526748971,6.810556803995007,0,cbf92c38dd6f04d7bcc75118dc40cd488a3214c2083bcc1f36e6f70a92f420ab,29275b0451d8483173011978d6e808e2f653e6f4dc880e730fcfaa97669aec9c
234,4.067844,1.9441152263374486,6.850222222222222,-1,c85d1782c1a75c6962ed81bf314cddfbf7951560a19916258bffb631ad140bc0,ddde7bdf428474d4427372e94d4bbf025ed77deb6e5bbb58d4f521db2c2d54a0
235,4.084878,1.9417971965020575,6.832369538077403,0,c424864bba35dc01e5f8480aeb9de1fc81be7f9390f1b51446b0586006ca87f9,29fce339b0ca343e851d585dac8fb3e8decec716b796c8580054932f0bdaa6ec
236,4.101922,1.945176183127572,6.858147315855181,-1,7bf775bd654db00eb96216623e4355ee7fe9fac44a4176b179ce4b4ae77927a9,26d88b12e23129ecc6191105bb9a8159d58e26a7a8590786a658f1caebbd895a
237,4.118956,1.9450160751028807,6.856948813982521,0,cf568efbf31ddd24577e41ac994e68d04270b0afcbb82cb2039f736817a39a4c,0bff5ab75d8367d039116e83e68c4f5116f9be1437e638fdc547321ad9b0a01a
238,4.135989,1.943432355967078,6.84521847690387,0,460a137282bac4fcabb8fbb53b674d4a14071ff55a1c1072e489affdb93432c7,ac79bb345080f6decc41d9bb2ced72429dcbc5bef22037c02462dd8bd7aa351a
239,4.153022,1.9446431327160494,6.854636704119851,0,2e08bddc0a05914b1180219061192dbc95e4021056dd700a9b5b29ec8077596f,640fa1584d45c46bb4ee3afab339235bb73727df1efb0743bb2fd1cbd62a37c6
240,4.170056,1.9438728137860082,6.848803995006242,-1,845a8971ac3c73595bcc6c2c8e184e983a90b7fccf221eb2f0c42e71892380b7,5d33aca263297cf0249478ef7ee1b48ad10006c34b1d6f21be79fd688691059f
241,4.1871,1.9432645318930042,6.844034956304619,-1,175155003d68a15781ef9ca2f58b00080a74b7618f9e7c0099e70ab4e6478859,f688fe98adb99f9c48d788c4b180fe14642e9ceb997fdfb847f6fe0427a26f12
242,4.204133,1.9368563528806584,6.7943420724094885,-1,0b8549b4e2d178cc0b9e865f9568b54d3ea9a0eac1e5e089a6fdd6603fae77aa,57cfd8c9b1c2aad9251e088255d3ac482a24193f37e787745595212fb062e0d1
243,4.221167,1.9429462448559671,6.841622971285893,-1,121f644965a2a09ed6595925a06aa4fd45d30983b010076b44bc6838906ff204,b604d5df0562589dea8366fc6c08cb65d0044013fa7671acff4f804189d72dc1
244,4.2382,1.9366808127572017,6.792978776529338,-1,87d4dfbb0824ba58a196299d4b854a3b8a7b0b604b28794fb927c1abdaff021f,78665c1dc99e0b211fb9dbbaea351e29fbd2667ac423ddf0279cf4896bd99f55
245,4.255244,1.943429140946502,6.845283395755306,-1,7f9e7aeb11536c77dc8102062cebb1ac35a305cf4e957b9922e01abdd73601f8,1d38b363fdf9ffb9a6db28671b8cd64cb165c7e04b77cbad3ad1273d5894f571
246,4.272278,1.9421437757201645,6.835405742821473,0,1bcd159dba8163dd676212968e3618ef309c942e2b34fee59f089584a7761676,e8796d1ce47c6cb458fd5f59b31b3add48ff71c988997b87f7deb9caeb67996b
247,4.289311,1.939926054526749,6.819006242197253,0,ffbdec92b9766cd15bc384409a25a13ef376ac1f09c5ed88f99b3cd1af732fd3,a6ea25a9124fffe885c01ba8bda0fa149a13d7ce5476f67b764a6b4e17267d82
248,4.306344,1.9381822273662552,6.805283395755306,0,92170b91e412135c5263e78a3b801f4ec3c01f144fdbdfadf2a1134577f48ff9,51ab2ed09ef55bd9f39d667010e13a54cae7492d965413de8ef2483b3eebed44
249,4.323378,1.9393100565843622,6.8142971285892635,0,2faa79d86af0e3e736017dda1e0408f74aefad86e98faa1d585e56e24edad14f,5be37829d66a12d72b7e514354cae13da79aac0d343f6d6fa060eb501db2e204
250,4.340422,1.9521180555555555,6.913782771535581,0,c27c87107e0a82e42078543e18949089505a7b90f92715c60b106dd9c80809f5,c83c4808b69b9e6823b36cf7a0a9d073b300f6498ffe067e59c4dec687b7847b
251,4.357456,1.9485378086419753,6.885917602996255,0,72807e4b5cc58aa7a8e10d4f600ace4b432c40119022e79a975975e906b2a29d,54df3ebc71f7f59d296d3709203ab43ac4fe999bf0a3ba46a8372b812dac06fa
252,4.374489,1.9467110339506173,6.871775280898876,0,5ff5756586ef83be701e563515762e78e2cdd3e2850e2d427ae1c0b597951ce3,87d445164d1277e18554417c0b1248c6a4ad2a5ba94fb13961a19f7dfac906fc
253,4.391522,1.9590933641975308,6.967910112359551,0,744b1b7fc0c5956dabbaae3c24f94aa44d5e6833e8847ea5ac8dc88c3f473b88,824c759f511e6b07ee2cfe068c354f30cd9f89ceddbeb040cfa907f018d9d4a1
254,4.408556,1.9500835905349794,6.897922596754057,0,43f77dd6d5a456ea982d2510bf55bc119ef9a45f6da79d905ba5ba0e06d4b46f,aa86eb8b4574ec8527bc5a54f958c6b3fdd9e1ceb4845d06d01492676ff9421a
255,4.4256,1.943670267489712,6.847965043695381,-1,0db56b08ca0ff652f7ca6f193e6243a18ba82c3abd0b26cafe254c1d98612af5,3a4f00625d003c0a02d8eeaa5ac12b3c929da527ac5fb76f148d09cab612f8e5
256,4.442633,1.9347267232510288,6.7783420724094885,-1,73b9ed132e4c963e9eba43693d1bb76fa90811dbf55d3df8aa71ebe85476abbb,360606b4fa639b3ef4f0978887891ff96d48102defa52bcf07ebc2a094557e34
257,4.459667,1.9314956275720165,6.753203495630462,-1,82a743a98a154e2cf4f71279c1bfadf817ed246d3f3f0f46a2c13cf3f5690614,6871d146b8d0cbfc1a566476b5cd8feb62ed122d66cb017fb461e440c515fc2f
258,4.4767,1.9277436985596708,6.723975031210986,-1,ec3b0dcedfb7f3679cec1ded21982023079463565c45d75d7aca14001efe7784,d6412e5b1391eab69dd71c3812fc3ab5912f17b36ddbd8cd7e98c8a43be5a78c
259,4.493744,1.9286233281893004,6.73067166042447,-1,037df1722799d1f8cee7ce8df15716517761d8ce32eab6509f74e89fc9c6c6bd,fe77af23aa26b52371f89e4700d968bb5492da8f2d52d20d71712dbe6d4696d4
260,4.510778,1.9278401491769548,6.7235555555555555,-1,365fa5d1832104c23b6700b9ba5f9a191369e222d2ab5dc776fbfac12830e762,6b4064b001cd85b09286be1f13aa64bb035f5a199550de15b3a4312a44aae5d2
261,4.527811,1.9296566358024692,6.737198501872659,-1,5d1b626521847c682907cb02726015d49f1643ee5d9fbecaad426dd4e2c1ec35,2f28fb5fa2288512cc7a00eac63bdfae50ec1cdd4c16d650abb14fe6ea7c8d0b
262,4.544844,1.9320106738683127,6.755270911360799,-1,8be11a670581f9af066a5a74be007c7a60b0e46f6c2a1cd829343624d926b6d4,d6d08e7a2fe3bfdd1a74bf6bf34b69e224e08093d1b582ee62749cf315bba71d
263,4.561878,1.9339949845679012,6.770621722846442,-1,42904ef03b12b117b8bf66ee8f2c06e03067e4990e929c13321da94fa74ca540,a0abae6ddcd5679d4c1848188cecc0a7ef695a5de4d3f02ae0bb41e70fda7866
264,4.578922,1.9368023405349795,6.792379525593009,-1,d35b2142ade56e664e802bcf069d42be47113fe5fdd3ba9f29666cdd2c4a3c25,6ae0d74f79ac589788822aaf53d1814654df7e118767027d802518443f6c3bbc
265,4.595956,1.9399537037037038,6.81676404494382,-1,61d34ac833fce3138089f73f6ac6ff981545de4de6390a02c8ab10b612c39f44,d4d1c1a59900039128f243ba52751da75a578b7cf37c5d4ab8ce728e6ef843ca
266,4.612989,1.9433359053497943,6.843136079900125,-1,5088f5e69f15bd00deb883f198a25979ac6bed516763100762d98693d8f2537f,75e2918a0935593a2f2b454bec45e9093cd124ddef48868f2d5adbd041186894
267,4.630022,1.9483326903292182,6.8819425717852685,-1,daa345de82d86793296faaf03b18a5f07df876b29e9db09f4d9608f9aa976bb2,ce5fb777cb0ac3506fe30af772364543e73a5b43d9740ba8981116bfe8ac36e6
268,4.663356,1.9535763888888888,6.922756554307116,-1,902cc113b841fa336a60c12b7c882bd2e46262b3a300cf383dec5d9596f46a72,764a0b9d6a379dbbd04ffe4d04975b1ffff1ceab20eaa779a3329ef35bc9820f
269,4.680389,1.956670524691358,6.946801498127341,-1,0dc0ba89dfe99922137aca4f574f61036f2cc8a9027a1c0cd27c7cfacf60d55d,6f46eb7a522879676af02aa70edd4dfbc90f97f3787208aab6cd9ccca0ddad1a
270,4.697433,1.9590869341563786,6.9655230961298376,-1,f306b7cb2534edc35ca4de6f9cab92629fc42bb4da695922e578c067a2da9e7c,f60e483eda2fc80ecbf8b964a5eac8b01c3311c578f171a41abd5756e3d4e9b9
271,4.714467,1.9610950360082304,6.981148564294632,-1,c7f846974362627a1eb585f2dc885c16287366e1bce210a39c51014cb87f1e55,5d510c73960abd6e0aa58287a6b3452115b817f1038b24a2fb7788bc2eb113ab
272,4.7315,1.9638972479423868,7.003046192259675,-1,aea598979a10baf25a7a6ddbe9b1743aef0a81c9ce2c019d5e84d16c6b3806ce,50bea30992ec5b0ffcc14a1b05bdbe540f874fd85b5c182b4701aadc1d238ff8
273,4.748533,1.9654571759259258,7.015265917602997,-1,513a51dd3f6a20104521cf4ec45a97f8664ba89c5cac817bf4122d9c0d1a9255,82e3c279bd2013beb5f8c100b17ddfb8818a7b91c190847ba43a686c0ca6087d
274,4.765578,1.9691126543209876,7.043730337078651,-1,9ef50cb28c218e0121c93545236c156db401cca5dee2a398f7f3500b561537f1,6ac315b331a7b11ca91a2e10d21712c024cfd66c88aa21f502c3270b7aa35207
275,4.782611,1.97105066872428,7.059560549313359,-1,f0bfe44d76b9297dc1080ba67dc0bad9abe3d3d55896a22fb0c310ace19e9303,a4ea485ecf038326dc9ebb8331eacebbbcd5b1b432c39d8546c6e3168951b568
276,4.799644,1.9712673611111111,7.061273408239701,-1,6c2131feeb20ec3008913f49ff80fbade6896dadc73757a0b47b3fb2b80fca10,45f662be1c1dc2198f42e754b050ab3771afb75533681433dfd513cba0154b74
277,4.816678,2.0074819958847736,7.071260923845194,-1,dc85cf90c57fa18a5c322bb32a7cf6ece02ceeee7e1c080243e0d73f1e757e77,4aa2dc6c1ba5acc98dda3766c23e0ae7f044ff3bc05b8ee771c5e139ce1b2825
278,4.833711,1.9810834619341564,7.102107365792759,-1,339c22a4ff912fe4f1e69732c42ee21d62d6c00a8d624ede90ff17aae3d31766,96cd1e5265cc8ee3591877f5fbbedb0c609a6d5d80d2d08f119d8e7276f123ab
279,4.850756,1.9743274176954733,7.08496379525593,-1,3c50464ac51dd1d7a5e31ae8f71177185a71c9e10fc903b1d69381f6fbb4bb24,95fb8e598c0f8de936ed5cf34e35baf7af4921f567e1f0a7094d9051cbcae216
280,4.867789,1.9798913323045269,7.095320848938827,-1,a6b920cbb0c2dedd1a6f67d51b3732ca44e7a63b97bebae77fa4089d1bf9c221,dc3cbb082163428b3ba9b7885ee0f3f990eb9e19de8c6a354bd0512bd7cb2a19
281,4.884822,2.011262217078189,7.118387016229713,-1,1308558d52c23c39285809c3f028bb07950ba28e9bfab4d673aef8412621c33d,4b80cdcbe1e46df1cfb79697127772fd1680f5f3f377649df91b77448bdadd23
282,4.901856,1.9839956275720165,7.12861922596754,-1,0d81dc5cf8698de8e361c5ed6f93f5fb7330da3405c75c58bf38dcec3dce126e,a430fb9ee3ffcdb6fceb860fd1e38c655df01fb4f800d59adf670c7a12703426
283,4.9189,1.9781346450617283,7.11625468164794,-1,623bcd825b89f2b2312f8888ce36abe946e1bf3ba7dd98dd5ac56ee836cc3e32,69c0c80e2a59e0790335e670cd623a60f03f2f1eb6265431cfcba644bb493484
284,4.935933,2.0105073302469134,7.117393258426966,-1,5f59b89ca5a114d4e18040035bdd1297e2e6f95c8b8670bbc701afbc89da33f8,935fd565c90f67d41d327b441a5ebe29b5cc321d217b37b445d873e5d80416f0
285,4.952967,2.014430941358025,7.1335280898876405,-1,cefd1cc3f77fd9277424ac88ca988904796ef749bfc63b29bd099b708f3117ed,312cecd6564823dd3fb6d38cf9423fd27cf7878915d8f9ecd6a0137a4d248ce9
286,4.97,2.0122775205761316,7.129867665418227,-1,9b4cbc97e41298aca23accbf7e54807c31c160876cbb422fc69b691ea4722511,80257bfd01ec1a3dd22bc22c2793cab284389146459f5c2468d6506e0e06c027
287,4.987033,2.0144354423868314,7.146087390761548,-1,3fb4350dec49f06942d4a42f5845606ca14ac912789518a4f222db3af2a35149,431fd71d77b88a87d6bddf6a8e90069bdaead15c8adc9989f62241871f283e70
288,5.004078,2.015655221193416,7.152279650436954,-1,ce37507bada3dcdc14cd97701e15876e763272a96df94877d34754b31bed7fd0,dc89b171a674e6aeeb4984fe60963d1ef3767099f952b329edcb1ff5a25813af
289,5.021111,2.017758487654321,7.159475655430712,-1,4975607cb74344099bc97016e5f6b076d00cf9038b84308384b9795f31c6c1d5,fcfb995537a84706a41ff5ab6a744efd9c36513b809bc1488cdcde867c950328
290,5.038144,2.017548225308642,7.158052434456929,-1,a7fe754b1c86c4770f7a81791283930359189eb18cecadbd0a3221b402c00d90,aff393478e64c4aba90d7092f44834759e076b5cb68cd1ff0e31d39efcc42afe
291,5.055178,1.9847434413580247,7.167940074906367,-1,329a113c34f2c7eca0ab1dea71370738be08c219dcacba6dedcdedd246a088f4,59f295fd30ac32a6a9b103d6f96ba330868f3e0ad8a64288aee3af4d717a6b16
292,5.072211,1.9913760288065843,7.185458177278402,-1,3f83f87998720caa7d00f7e9ddf81e1a07eeacb69016feafb5c3f1fcb01cc6d8,b13d8f8a406b1c02898d71f7d20996577fa18b06fbd872b53dd80500ce14e572
293,5.089256,2.0225919495884774,7.211051186017478,-1,a7bb2cbd2a45680a1011807679d2656d5e51969b1fad07ab47db7a78b3f520d6,1c5d308aacf00581a5b3ad6dc443a396cdd3c09b86299079a98f266f353a94d9
294,5.106289,1.994803883744856,7.247960049937578,-1,1db2552177477ffcafe4af3cb3875e550a113d175876ca833c628f98c636cab3,eb4677ad16b8bdca30bdab917844eb00637a62de22be993b7f83bb2a0896dd22
295,5.123322,1.9927391975308641,7.414441947565543,-1,8bcd9c21a51f67b63ccf3f9baa174ab7d54867b7ccbd7fe4caab30ca4e91170b,4898306b913b4d0ed6acecc66e64ff83ecf6946076298fd89dc8314d78871c16
296,5.140356,1.9969675925925925,7.590621722846442,-1,84b6586925cf35b7098189330f95823c847cfd4e27cba46c22476f4021913518,77848c1c64ed14a7f03521d04e14117ca302c91dec0bf220bef87f70600cf5f4
297,5.1574,2.0241685956790123,7.8172734082397,-1,0115d00cbac91e577e28634d048e2408b57b99d3a62bc65b59ece3a0da960ae7,759420712fc2d689af7a756248215228ccd057e966c5b082df20fbdf1117047d
298,5.174433,1.995300925925926,7.9344269662921345,-1,1f8ad83437a54d4c951dd21e0cd81039aab57f8458cf75a81cef23d8dc8658b6,8c242086e1398b65ff4d32dc5fb8d3a5dc22c46f0d1f2aa2a5a26f5c9de40f88
299,5.191467,1.9919701646090535,8.115750312109864,-1,3389c609212607398d2107056e7b95b0e4d486d72d5f2a1dce02cc0d03dae6bc,22f42f237233e6688b713b4d1a0e848c6c45b907440abcd4b8361ff2fcf193ef
300,5.2085,2.0228935185185186,8.678771535580525,-1,b6290598e489245b14772d53bf0216bbb5bb304b4e84196df0248acfdd5c8182,9133243bdfa3a2846df58e0630b905853516f792d3acf00db5aeb333e388f5df
301,5.225533,2.04035429526749,8.827186017478152,-1,f43335716f3c927c551927bd15b5b9da8b9ee88ef51d0c4337c7f2a69fef21e7,1fab1ebb5efe8603dbcabeaddad4329e16b2f1fa7c44b76300bd5782f9e0ad7f
302,5.242578,2.0451350308641976,8.86408988764045,-1,4434e6a4d12abdde379ea650653906d948fc3192d73ff76a94dd66f87579c591,cd904a2bbd68e07b7ea968b69e6251d83253e26aff26844acad0aa77382fc640
303,5.259611,2.0417721193415637,8.837972534332085,-1,a0d04a50f2779cfa9e1724260e13c2d38975c4f84385062131a6647f2eb1f6f0,7ce6ff01566137aad877984785683feb921609dd57989fcd6f89ac8b6f6d2640
304,5.276644,2.041473765432099,8.835655430711611,-1,7e66ea87a7f6cba812884721c610da90b750844e1c83a5fd8b2f6077dd7617bc,67cb4deada32e250473dc030c07a930c14c8f27fe250813c4b934e03cc7a546f
305,5.293678,2.0406082818930042,8.828933832709113,-1,9e46d269a065fce51bcfc70dcf9a1db6c9ef2f5f8ef1ec6e0d0ab8137f63eefb,922a3b75263395dffa116275ae22d8152aff55a83ab7c5617f82ce174e956af8
306,5.310722,2.04558320473251,8.867570536828964,-1,a7cdb838bfc6e7546966b265d16f6c7b77f5eb254a9c70b18ab9856c46989b3e,a622a041b46770399236bebe2ebfadcec742d6384bfa94014c2fab384ca6b15d
307,5.327756,2.0407298096707818,8.829877652933833,-1,2a619817d9529a347ed09fddcb99c10c56b5c71415ecd251469f9733382509eb,970b214599bedce0360fae73e8d3f2324d5095d028be76a1ccfe9f8e89610503
308,5.344789,2.0445537551440327,8.859575530586767,-1,7bc5785423185d61d30eb85677a66a911832e83d0b10b174dc3f51b8f2904476,7c31da9caf1de07769d82d8ab836aec2a552dbff5555484c0a4fde299d6c0931
309,5.361822,2.0509445730452676,8.909208489388265,-1,432f99cf276c54cd7084c9e84f09f84f84e40f5be631dc4089b14698514530aa,d5a1b976e11eb35a27c5247c3db5066a4e8a8afe109e5c54972ff224cce446f3
310,5.378856,2.0597087191358026,8.9772734082397,-1,c5f6da88ee428d01f7333cecd65b90314024bb62fc4d212a83acaf7ab27399f3,c8c97ed96920d2bc6fe19e1e66c72f4ec45428542e8298a7a6e1b0df0aa6c8fe
311,5.3959,2.0580979938271606,8.964449438202248,-1,3a658fc3704f52445fddc349f24204586fbb9486cc5a05ee2631fc12c9be69eb,1321ff9450402815704a899a9b15d5b82df5a148a9c587fe4b489e757b0946f9
312,5.412933,2.0401896862139917,8.813652933832708,-1,2843c78e03844787548f1aa8ffedf3c3e12c92b712f9052d7fc9b242a4fe77cd,b7befb00e7f6b0809a7bb20bfa2307005f64f2bd253b541858a23b553a66da2e
313,5.429967,2.0468061985596706,8.633742821473158,-1,65008e62d023084171834fc416483e2139f940e641e7ce29655dd508669690ad,cf486779dfca5cb8e8cb3ce8d0176ae7e9dc1b02fbdcb92b51f294680bea50e3
314,5.447,2.0230697016460906,8.034536828963795,-1,5ba7cb122627d1bd3bfdcf87c49c8b60d6705d918e8104ca7059744a3f077f9c,3fbf0751690d91c72d0d4edf3eb6b2e431cae23841a9d9a62520186d72fc72a7
315,5.464033,2.014468878600823,7.786287141073658,0,f9e40bf42d50b9deae4899c5cf0f96badddc8ac224404d940e02ebf63e6f3712,bd78cba90185564e846c072260f801853ab036b8ad3a18ab7a3a76d9fbef0123
316,5.481078,2.0288895318930042,7.655330836454432,-1,e52b2ccf8dd7b431ec8bf3dd02aa055c7190706c5a09fc611c6821efcef8afdd,90a52f123706e065f530dd154dc243b53313bfc57426666a6281744831a26728
317,5.498111,2.0006970164609053,7.354132334581773,-1,6888f3acde76c0d63f0cb9c395a52d87305ee1b3a3a5137bb857074f0781f3b7,2a38a83a1dfd28f3810b6eb504f840f4e2a1c48849325a594759f5bc969d2546
318,5.515144,2.008065843621399,7.347870162297129,-1,a69ba178757ab364baf6b67a36e784db46a3f9d955ae927f491a553712ce3e2f,6dc7a1c24156072a8aa7aebb26c2e6631677bf104d7ba1bd74944bd205f8336b
319,5.532178,1.9788869598765433,7.1131385767790265,0,1f2096c9e1ae65fcf02df7b9e0bdd215dda92d01568bc80f0bae146cec133a1e,324619a6724146485c6b5f462472c01399552c71cc3b855a4ee638f6c30ba6b4
320,5.549222,1.9302038323045267,6.4699425717852685,0,07b6411f387ff6993976ac950c3adbfbb24e7a361c7b3378b93f320521de8874,a242fbc0e68fb45fbd72bb5a052e14209113f0e43645ef81cb78e7592f181928
321,5.566256,1.867846579218107,5.987770287141074,0,4b29eaa719e7ec9c8f7c58399efc9059f26c7e860dbca8bab4100572015f3360,0e5bc6ed92e9b02f4d77ac5a7b0407462f739e0bd2c17ba274b3800cea762986
322,5.583289,1.815045653292181,5.588444444444445,-1,cb6cd2f0c3468ab6168156d57f7c779f66eb472a7156fb48ca28f9f4819f7cad,4b9ceb226d981a6ddf8c3bafc9c1e7cf59f94afc2b57be133e694c7eeb9abbbd
323,5.600322,1.7755812757201646,5.27092634207241,0,550fb6c1732a92bf5b192405ef3dc05851aec9dca18ad68ad62f7a42a14792a9,8155d77d488a9dec733efe14536265c9cf3b7389b375bf6c01f0fc82e7a9e747
324,5.617356,1.760676440329218,5.156684144818977,0,97d947c1429c428c8be1f46de4127f1b9409b52f78f1f7a3ded7364d85ec3c58,936ef7c82cfb8e45230e254ef7effe721797d656247a7994d1055081fcc18b46
325,5.6344,1.6942052469135802,4.873138576779026,-1,09d7d1f39776764a3bf2933f1c89468df2bfc11813fc89fff6c4bf8bae55bc3d,c403b978b65e323c7e8c57ad429a3ec156808387dce3208044b6f41a790c455e
326,5.651433,1.6883706275720165,4.8626716604244695,0,168e3bcb4bcabdd4e376058f36fee646e44aceb8e15de382839832e3e79b5829,ae11c256d07da5e252cb8fbb30f1c586897826c5bfac5bcc116d22efa7b1ab7c
327,5.668467,1.6628401491769547,4.669098626716604,0,c642c58e2f4f998f23e2a7db23ff91f8cab522d448aca49755661d0ab9a8107d,240b50f9c1827cc0bcc8f64b91fa20783062bf9e9646099c5b18c8459a7f3748
328,5.7018,1.693420781893004,4.642641697877653,0,052504e233586f1e076600d8ec7713f3510b0ed0062eae5d4bb00cef239a9161,993972d3ba4e19b5ef5a368cc1ae71c86a4627baf80bc94c167205be6ef1ce83
329,5.718833,1.6871328446502059,4.595081148564295,0,322d467cabb5222a255807f2de41dc07ba0e9308a09507ef896cc807853f535b,6b69a39233675fc191c6e58325339a44a53374ac64cd537bf37cc94661c3168b
330,5.735867,1.654244470164609,4.573757802746567,-1,339b61893bbb02cfa8392132c5c5c5646fe156b7cc28e4033dbc07ee9218f518,a9cd0a7733ef2b32907c1ea9526f161130c971c3ab8b838710672c7a29ebafc2
331,5.752911,1.6865065586419754,4.599205992509363,0,ae6cd115cf94b673b09ccedb4db9b0d1d9d1427a376185b0187cd5d176adee9c,295f2717981bec1a7e3297f9fd978b80622504ba73a6e2fc9b2c2faa47bf1d7d
332,5.769944,1.646369598765432,4.50774531835206,-1,35e136d4da0e62b6d0858cf50e3c52ca65f46d9f68bd59d72ace98fc958d5698,d222759ba2b3d7536fae97e5369dab439079ddd7258b2dce01040242f3b1b6ea
333,5.786978,1.6515181327160493,4.579086142322097,0,14a221e20c1b70fdb0bb4cbbc54c93cbd08071edc3b0794fb6724361290e27ee,6f20ded46c941dc0f49187ad9a95df1e0fafa71bd8c2b15524a32231dd71a204
334,5.804011,1.6523675411522634,4.585667915106117,0,ce145184fb78772bde8c5fbbd552058aa1b6cb0e8fde836820eeaacf4176b2d0,a9848481ed1cc28d261a022b7d0259908ff5b5a36a23c7503930b961f140a38a
335,5.821056,1.6517541152263375,4.55118102372035,-1,239ac2535ab95fc45bc9b05c70a4ce393d590cb8fa0db468ec1fecef2471f5d4,1a65a14b79a598349ef388a568702543c7788f88aaaedc1e2a909886db4f19a4
336,5.838089,1.6441737397119343,4.492878901373284,0,8ae6100cff10aed8080479d6fd9cbdffa9ecafcf455b6cdfc1ed2c83d9b81d88,4ec0ed8cee9f65c03a138e43c93dca7a8cf292926aa0eaec1d14cc031f5b9cd2
337,5.855122,1.6528459362139918,4.560364544319601,0,6a7ffe911acf395e641c7cf59702dca29139e46981c954c42466e73a7792db3b,1d480f9f948f925caaaf090d4def9ced4cb63981ad2710f052e30d642366c48a
338,5.872156,1.6346199845679013,4.419071161048689,0,a6ba4c6f49510ea7739c6a83bb1dfcc78045546f7e486b4d5df61cf9b3feb0c3,f3e64b5504e3d796fecc20953af024c885242e7f892d3fd5a37a50dc6cf339dd
339,5.889189,1.6358944187242799,4.428833957553059,0,5682b5471051dbd6837c04f4fa1dad580b23281d0cf418e9538fdc104e362a0f,8ad5304c11cd518a35e9907e414bf3fecae7373e5c8b300b74a80289b6fe1aca
340,5.906233,1.644000128600823,4.491665418227216,0,861942119decb2f8fc4ed517b92f3db49ee2a0204084ffa76e7b0648906ecdae,8f26b8e7c5bf05d5b0ceb168b4c1e89e0058e7d7299a167f078adcb65e994aeb
341,5.923267,1.6419862397119342,4.475875156054931,0,9279a2f3d7ad5e3fd507d92eea6a65bc0452e2c79d5b8a1b8138babb3dd51951,3ac26274811a57658148bc1406619b5329cbd419f077795f42446f944f2ce86b
342,5.9403,1.6564384002057613,4.587995006242197,0,438fe4bfb738837ff3a4e2c7869c39effbe6f6bd454e549aa55a84b234c53dfe,7708daed31aee4355aeab91f17a879231dfae724acb19689ece08459ae6798ad
343,5.957333,1.6482394547325103,4.5243645443196,-1,11300ca8bcafef0d060d6e66c83b8c76ad58e623260019d3fa85607dae42b7ee,accd870c3a6a86da2799f2628c9ef0d13d15dce53c654127b502aac0f692f7d6
344,5.974378,1.6478536522633744,4.521293383270911,-1,0ad5df023ce0398360e87737d64ce449d2dc8201589d8ed499855113b761b767,c6d0e17cb679e3e8149e4412e259c021b4fc53b25c02653ee17a1b64b8c57839
345,5.991411,1.6588509516460905,4.606701622971286,0,7d75aabaa737a18f2dc7fbdf3b38917bfaa982247d61a71f906925d42ac56d20,05e2ae050d2889bdd523c4c2951380b3f5b46e57a5f31dd9d5a02f384ab84f73
346,6.008444,1.6525919495884773,4.561598002496879,0,ff39d1e8b0ae09f194c2f2d03ef457cd674c813e4662f7fbaf09756b3146289e,7a129ab9f49bf7286e80905c52189ec3fc795ee65c3eea1dc1246153a0ed6424
347,6.025478,1.649048353909465,4.534077403245942,-1,e35146e3790b7d0becdcd8a1883aa0405b21814ccff3c7b6762a9a6b0a10eb53,fb7d47fce9c2778754b341c83c4e6ab2cfc7544047b1ea15f797397ccbfe5fb2
348,6.042511,1.649400720164609,4.536828963795256,-1,c0759af3d54f3a4248748ace8bfe355887b7bc4400fd43fc34b9d8c9f4698134,1c6dfc37b4fe0459f8abe66096b212c83d5e834054515a949aae5afb7bce4ad8
349,6.059556,1.65455954218107,4.576848938826467,-1,d3ab185397e61d64d2c16847b31ce6ac4fffcda0c4edec761017cd96b636cdec,bfcf7f44b3a3f6e036c3bc23e8644fbc500d7a53a7dbcbc6ce6ab17949973fb1
350,6.076589,1.6593402777777777,4.613962546816479,0,34e88150d7ad9613784d910fecebab7a2de9d10f5de98c1ac12a7ba82d8ba4c7,7df0a4b29682f62ea25c4a2595c4807ccb17080a177a8eb1f75761b7c44d22a7
351,6.093622,1.6518422067901235,4.555700374531836,0,14158ef359d295a38daed9a6ebfa0631621d5ce6d182c272c8e953ebba7676e5,a4afb1605a05fe83b44d0906434c7be8e9372a9a069406313db1d87023412751
352,6.110656,1.6395203189300411,4.460064918851436,0,855b85313c9e21930d3394276f9db6dd9c385d58c95bc58f1959b2ca64935ec0,0ee57ef87dc3b128c04e3292df23fb2565740a65d4add0c96aeeb49b94343022
353,6.127689,1.6331204989711934,4.4103620474406995,0,6e592b27a3905348a08e79177100245a757c69572912f9c79a3eab9605cddcc1,ee172cbd8ec8ed6bb30a7234c677d27f9541c21730a4ffa523a0909f6ae1bc5d
354,6.144733,1.6273527520576132,4.3655380774032455,-1,a63e0c29f5beb992667b6c079fd8039f345dd22086a85c91ea6d14ce66462145,6e6ec83bdbd9b022ab3c8df561c50517e70943feb53654026a415ad69e588226
355,6.161767,1.6394110082304527,4.459126092384519,-1,de203c036cb8ce0c21f06af0aedb8931c2cf58e472dbae22273b6dbadccda5a4,0435dee43d40111c649450b8d859f3e8d41ca35c1e5da284837cc7269ed46de5
356,6.1788,1.6487776491769548,4.531255930087391,0,6db75205d4fe0696562c9373151e0b33ba3eecc278f2f99a5d3169406155cce4,126bbe4522bd964124473549a478a71330323a1928f376d8fc4850869e6447d8
357,6.195833,1.687476851851852,4.607220973782772,0,2b095a69ed87b2c65fe94cb2c1a7098daa065b398f7c0eb794d948cdd236fb34,51cb73977fca9d6d348145450eedd7bc6ef0c82fd58810d593cf858f02eba7b6
358,6.212878,1.666105324074074,4.666022471910113,0,9e4f16ed1695a7a365e1bf68164a17082363799300c9d77f9d554c6ebcd0556d,c89daaa1c978055a8d56adea8c0a52db430dde65ffbbb3c77c6474489f18085c
359,6.229911,1.700676440329218,4.709657927590512,0,80ff4587c4534508f589661e41e7995cb29435acdd69d77a38abf29efe4aaeb0,adcda5a04eabd2fb91dcf578071038b24973fbad5f75088b47ba498e0b581bc8
360,6.246944,1.6753883744855966,4.73670911360799,0,c71202f60febdd40a9d1897a4fd6c2b1256355a65b4e9db3895d17609ce1e8b2,7b02bda2f4629054b99ad6ee3f6f7b73a3aa29ef63a9c3e20367ebe1ed4b8a55
361,6.263978,1.677264660493827,4.751685393258427,0,e89f6785d3a899272d024e27dd1182456923603e1e6856e198d5059f18cb4cee,4ce68974c46585954a0ac4aa07338e2b1564e059882fce6fce80776dd53c14d4
362,6.281011,1.7064924125514402,4.751365792759051,0,e7fa8e7f48692331eec3635bbd5a43d7c8127850227771b4bbbc2cf3b8df2f5e,c7cf635df0abdb35811894e8827e21827e849f74124df55974db78c8a84fca61
363,6.298056,1.7053922325102882,4.734177278401997,0,da3893f50f8328821f3ce5c76099c7a73f3978ed550700bfaa80256448c70d12,672cbb57fb0be786e7272698c3e3b9e439b1d10e1ec2bd5af7e94bdf4054b711
364,6.315089,1.6726015946502057,4.713478152309613,0,6668e159f0016e226247cd6ee59609f1c5d39595ebdf643c6fcadc68c9f50486,d6dfe17f00bde38a15cbf02de05269146ded7a404dff4edd78e556618ab186aa
365,6.332122,1.6990772890946502,4.691800249687891,0,90a9a6c8a63758007a19b5ab4ee91ca9174b5567bd40ef6242399f9e5d35986f,8c0093a81ac4cab8fd3329c086f66010a61b235941664bbfdf93c58246eabc7f
366,6.349156,1.695300925925926,4.663086142322097,0,38d804ab707b0a813053d9bef6fe9777f5e037e27a6ca9da7e71e66785380602,0c1df6aa10be78da4df5703764c94cc8a6249be59600abbdfa34212807c07119
367,6.3662,1.6924768518518518,4.634247191011236,0,5d43c895b9b8c0eb14695c269549bbff679afba952e14772d0d716e579c97dec,0301d37ed6400e0ab377fd2e4e46a98e7bb62253df2420df40f1cc159be2ac38
368,6.383233,1.6891383744855968,4.607945068664169,0,0bcf5f29f203dd0351d130b9d8f796d11ca9ec02c14c3e9cde4a2adcfbd292f2,4b19b98d295f54844c2975e33a555c4e0253de4aeacbd6463be6f665b1588826
369,6.400267,1.6511143261316872,4.583171036204744,0,d57ffd857ea90e8ca64b7e5fc8b7a6ee461d449fe0a0a8b4615ad8cfedde490a,7808c78b9fa82ad7b6c25f0c52679f084a7267a9b6e2b603183632a4936f33dd
370,6.4173,1.6484362139917696,4.56274656679151,0,d5138e6977fe6c0db9af9fb6c72142ad432837d0847429354974487b4ae33d98,76eae679808f1a447b6fd62f1cbf8c8a262624af901c283d6c2d38b7d2dcf5f8
371,6.434333,1.6499492026748972,4.540923845193508,0,f1e89d2d4d6f362768ea25acf3c51476cd5c40a5e48fe60d385445fe12fc6a31,0234dab85577dc3007353b57e7880bc8085c6737ff797402cc3c7d52083e883f
372,6.451378,1.6776054526748971,4.524534332084894,0,398458b94d6e752f2ef5f8b38ecd24030e737414218a3156bb4d7e9c65f7500c,4cc3f0e4522e1c601e619b318e5122906868551da694f9bd9c61640adf6c7003
373,6.468411,1.6769791666666667,4.602232209737828,0,0ce0beed4f11720e224e8163ed5e85557ec8b5d689eeae62b29f1c1a6de37202,6c9bcbad9ae5da0bdfd0e556f8f471f091a9404a37537d46caaeb69422435b9c
374,6.501744,1.643542309670782,4.947285892634207,0,238ab27ffe9ef2c38d2262a5c8ab8dfde56b3fd52ca6ffea1601bebbf7037b77,96fa4b7440e6731d273845d67b08c15f3c3a18c255a451a12d2541f09eb69887
375,6.518778,1.6768106995884773,5.338362047440699,0,09261da6f4102cd83175b23409c5198b7dd4ca4907ae89378c9ed20b921df9d5,afe7c1f79118664a6c547f358301a1f1be4af1c121a319d531c2269a86ee55c6
376,6.535811,1.6749787808641976,5.437408239700375,0,e41be9fab8982a20edc5b38235bd4360e2a7e93ba30154a09d2ece24a9a5f4f6,0222ac7d138cba50a53a67e6c9ead2189948f1a5206154ccecde6d5c71ccd725
377,6.552844,1.6425636574074074,5.405438202247191,0,ffa445e00b6d58ac7fd6feaf8ee31a2045360a32ac1202e3674361404d878121,17b352dde8b04649f449ecab3c2f85b74f51536b5ac12f82e02f26ef1cd2f0e8
378,6.569889,1.6768119855967079,5.659840199750312,0,ac656d1768aad03068f7870b669e335f3a810d27e85609e343407128cf5f3c1c,d15b98948a899f633162d355b1b937412c80c5e9829d4733241924aecf5da7a0
379,6.586922,1.6771592078189301,5.663735330836454,0,d1961fc4c7b26af2edec3dde0b908ab5edc0f364156d2331e7726f127446f16d,751fba445c732ce78edb90f743608b47bb5e99dca64de1b33bbb850036b3cb52
380,6.603956,1.6772106481481481,5.664209737827715,0,5792667f6b39f55b77ec87c84eaeb491bc36f4196fda41ecc08d63b0260dc615,711e2752a5369e1a96d139a2a52d41d53879ea88b2b07cbe430bb413c0b37fb7
381,6.620989,1.6778311471193417,5.669088639200999,0,bb0c863acf20d77c16cfb4149b6f409497d412ff64b770cec87b6a8d29988e2b,f26d91cc00263210811b779385be49ff5568eb9550dd40c3b78165b945916e84
382,6.638033,1.6779385288065845,5.669922596754057,0,aa2ae43e692df059f13ed9d7fe509fcd55b51a8eabe8edfa3fd402f8467a8a2b,8afceb7decd5ab769f9f12e0b22e606c4628cba9a349b703b050f5f908481f92
383,6.655067,1.6785641718106996,5.674796504369538,0,8952d3b25b059ef6abf78cfdda2378f88f53d9393b7b8e2667bea481a7f4b146,a53ff317a13103e5d66f5bd933e291852f30966141ff21fc35eeaa2bd15face5
384,6.6721,1.679068287037037,5.678711610486891,0,d4de7e470687d5a53b5101089678c010b25e30151c4d1e6181774260963bdcc6,723aa57eb9e58f50d388206f226753028aa2323b859cf7863df2d134d275c624
385,6.689133,1.6793704989711935,5.681058676654183,0,069f7a25f0d896ce0221f1d85cf144f66ac47831e816c43da3437b312770375f,5b1e153fa441199b893439df70f4a04e18a872fe1ab8eb946a378abdb5afe392
386,6.706167,1.670736239711934,5.614002496878902,1,89e18adbb61ebfb0585804f0b4f558834e20287476a0a16c2662cc100032fb9e,4c55731e3ad0d6fa775c460a06793871e12dd10472cc89937b3c5a95fe2798eb
387,6.723211,1.6712911522633744,5.618312109862671,1,f8c53e9dd49272289537480a767236a39ea0f35c9ac8312e7df020c4b51fc76c,c38df1397f7764ea39dc5b5af0c9611caa3d687e64432601fda386a2cd88a933
388,6.740244,1.6728819444444445,5.630876404494382,1,d5fc3afca2b5bad2432a83e568cc24afc40a3a4a85dcce50123735e91e7fcbd8,fafdb682f18215d8635a657a3d8a8c49229db9207ca6c0f10f92a048085f710a
389,6.757278,1.673249742798354,5.633732833957553,1,fdd672788fb286b3e318cc6daa748a82e5b999d6c4926f86627fc2aaaff855d2,473cb3d5c63d00a3f28abe2c03b0f07936ba1a94a109b129fe606503a5df7577
390,6.774311,1.6374029063786009,5.2412983770287145,1,0e2e32753236eded723209af0bcd8fe72aa8fb55f6c45f2b4d0fa303451bd2a9,0043879c1dcbab3ff34470f94d169016b812dec04836defa6ab292dbfea53090
391,6.791344,1.6370704732510288,5.238192259675405,1,2f02de97c4d9e702a923b66e8fc46f1d4fec2a3cf9ee1f38449fe8b3f6407885,6b7ab6c50e3a62460a597fddf0d8ac5823da57d2b2353cd4af9d45f474e886a1
392,6.808389,1.636420396090535,5.233083645443196,1,453559509abdc97410b8fc5440967f4f4d896071b440a6e7eec59addc890ff1b,f85b2b60c9d10319985eda8cda3784ce75506046c2710ef74049f2be92f9334d
393,6.825422,1.6559362139917695,4.928469413233458,0,c87e4be0fa190e013af9f83542d15aa9a9fa9b66ca05c5bee498400a91aecb33,93f567332bf8e06578d22ef84e8a2cf93add0afb5bc0b6266ee76eff4d1fd782
394,6.842456,1.6158596965020575,4.34005493133583,0,18a9ad56cf65e0107c20819944bbeb4bad03cedca20cf2e00207c48dc319dad4,4a6284d0d94aedc8fd21fc068a76562759972fc28d1e6e31f649dc30a43e6d85
395,6.859489,1.5652977109053499,3.9401248439450685,0,bbb6b91d2e99e7054c9cddef73693afdcae0becbaf66ec473822b7dd0fb3d708,07ee774970e3330b9e52e28980274cb8640e671d9e7c43d64598b2166a0e73b7
396,6.876533,1.5941698816872427,3.8826317103620474,-2,9cd15f1801366350fe8aaad3e85cb794bf54e3002b8d6008caa4d59aebcb47f9,0c8fa2a8dc5bb1109cc40ec3ba4f7c6073664ac54b884417a08a68e37b063674
397,6.893567,1.6112969393004115,4.005008739076155,-1,9b28d06fe75c7b2a99403f3aadafdf4e87a8c9b78b348d62b19668e04843130a,cdffc3a8e97c3c1d5d42a54a28be7c3ca05c32b1bac5e68c0bd3da67fe825877
398,6.9106,1.6065721450617283,4.1938876404494385,-1,19de9e7affdfcbe73711a500a0ff68bf5a218e11ae0f44da5a2be7d854252ce4,cad91d7673f698a3ba744116bdb5716a92c0ba328a8552290416c6e7c9f17a0a
399,6.927633,2.0575604423868312,7.732154806491885,8,19aba629a1e5ca31e4eea143c26266077c691b0dc0b1cc401475461ea67ae3ea,b9ef9e489ba5078785cd66f7045fdebcc1be530287a33b1772b7aace779f1afd
400,6.944667,2.0918582818930043,7.961802746566791,6,31b75467ca3809374c40840f6923ac8ddb663b87107738a5f7aad559425fc360,b1eac8a9023fb6f22ac597513313e6c9ba8f8e74a28ebefc0da99a2266e2f510
401,6.961711,2.1489300411522634,8.193892634207241,6,ffd02120cee6e98aa0493f97b758fbc1e308f02cbf734f0724306ee25b412ab0,6e0457d81bfe128272f6a286d913c3ed3eddee492860d6990a186cdde9899585
402,6.978744,2.1503227880658438,8.461398252184768,5,d0324be25d445adea0b7ea7dee35eda200393ef786415f1ddc26d42861c0708e,c6f192d7ff5dc37c1c1fcaa9f17de672f81775c7f32bdc14700cd0935e4ed5d0
403,6.995778,2.2050237911522634,8.847870162297129,5,bba1b848039c410a37acd9988fa794cf8e23ad17311193ec2d75c66dba6fc844,55e0b32dbf9be004c6ff9c4f2655e2ded5a71d170678299083779d8b9688434a
404,7.012811,2.197903163580247,8.793018726591761,3,6ad2510fa612328f0b2789f276bcf66da09c64c80923d77510214897ddb022a1,0a08d2bdf3141b044fcd69add14f71420e2abffe38234369f43f6d29fbd180e4
405,7.029856,2.175603137860082,8.617822721598003,3,af9950833b15d4eba3326a9154f9ae5534a894e24ee0abe85b7d665aeb463e5a,900c0be274e9088353c314792641e192fd167c64d540139255bc0936c6ecef32
406,7.046889,2.1878478652263373,8.498971285892635,2,5f419b7e72fcb0b3738b453500b9eb3544694e01f862f68ce33fd79c7bb6f68d,eb91a5898a4938f3944b7e4c4caadb68d14d15d922b9fd2bf9de75f12da3eddc
407,7.063922,2.130324717078189,8.29985518102372,1,3eb53885a92afd85055c8a1c820ea458ae45d215a72c6ee1e55211609530960f,d3086a4ed4dbf30e989f5c8d608a4b6be9e429ede8f9b5b30d91dbae05e0c401
408,7.080956,2.084526105967078,7.939285892634207,0,05850473e20e02df6a564c6cda3449bde68b8df3b2c470282a638045061cc148,348b7d70d150d02ef41b6908b735cdcfae08626467477f3addb2fc199b70554d
409,7.097989,2.0371553497942387,7.571420724094882,0,62c3c7396d214acd17cf06d6efdcdd0d660e33df9fa5d71434f2e85bed5ffc7e,9ec47a1a1d332715c5eb4c03952d7aba044faedb909c1468a6e873e360b16d71
410,7.115033,1.9953401491769547,7.245787765293383,0,f29817baf30ea48bb9979871fd142355ce67db0bb9d348ddc71ecaa205346649,ad98e7a19691f3e427d000d4f6f1937e13692722e195818ad2f39206663ecc46
411,7.132067,1.959417438271605,6.966996254681648,-1,b76a33abeb90615ca9ce5aef5de2b8d2ca1d8cbd7aedb8a540d7e036baabf6eb,df8a00a0ca01f8512c82e41c96e350748b8b155b98b28807050cd96ec10634dd
412,7.1491,1.9440715020576131,6.847860174781523,-2,a22be863fb77ad3b80c46a2b14519649f3fb86f131cbf95772aaab173b4d2f97,f3497d31a367566b1bd7eb5a98f4d822119171eea8546b92a712d500cdec5985
413,7.166133,1.9355761316872429,6.782257178526842,-1,ad9046907d0b48f4459af208d5bc92d13b5fb1f1b30287e832eb77cee2dadd61,fcc2c059e56dbb2c2b958f7e910999b25aa013b81cae33c156735cb54f373846
414,7.183167,1.9193377057613168,6.6598002496878905,-2,c2d8902f81d15038f36959d581ed7a2f14114fde05e7375d9de43c6b4d7e57eb,928761b9a125b2a087049fd1da7eec7e2ae7c4a0a768d43d4b9041c10eb84ecc
415,7.200211,1.9195543981481482,6.662112359550561,-2,c680c6744c350d0bfb8cf4d9e6876c1646c604bac47a0e3b285dc48f80378525,7099bbfa73eaf193823b982c71f0798fb9850c275c19fb6c1e16fccfc9216906
416,7.217244,1.9067463991769547,6.5644544319600495,-2,539916944ddc6d556cda03a5a04e28ca5424010f46b16dec0f713a79e5c207e8,e0b6b24e9d53ec1c1a9181ee8b87e033e0a7346f4074fa383642f6dcea601a51
417,7.234278,1.8940689300411522,6.467300873907615,-2,8fb9dda7f74f2505d4afc9b2c0bbc86da14f2fcbcbfbea4beffa0cffa75be169,f3eff96ec7b4b3019b917ecb23a9e02af49effb8285d0e78d6645684b043e95d
418,7.251311,1.8972659465020576,6.4922946317103625,-1,59db9c7a04b05419fdf1b453bbbccb1dcb1966f6db076348d9e984e3b5808ce1,37ca855449d4ae363d8166201ec87f02110dccae1fd29bdae91970141a652237
419,7.268356,1.891615869341564,6.448953807740325,-2,f1fb7cec100d36425500817d63e8ff88adc0e2c2de2951b055b436fcd68dc760,412ca6520181cef63af0055fc5a4fec80b282b779fe1f72bda10a7f3cdeaf6a9
420,7.285389,1.8968242026748972,6.489822721598003,-1,1c6a28ec0d4278c98b822109271c4687b0dd5d9b069219878d570ce9641b96e3,027a5c88b9826ade257dac98c77bec8101568892f892586d9672c31458e1dc57
421,7.302422,1.895247556584362,6.4776978776529335,-2,54abe3279d493bf3a300368eb7069a13d3f47d9402a8a688dc6f9575c46c322e,25b25d0c123d646cbddf67696bf23f6f12c883148c35d895c643387b42d9f59e
422,7.319456,1.8980221193415638,6.499815230961298,-1,139c5611f1ef309d5c3dbf2aae859548a88a3cff4d002309066ece01f90310d5,35d33ca0cef2a0ecf8394d7ff02bdc594ff6970d8d4775ad0ee2bd56b4db2b54
423,7.336489,1.9034979423868312,6.542357053682896,-1,ab1f5d03768559feb0791bfb0fc8e798424c4634d2c386b4ceab1c4b6378570d,32fa65e0328b3c660a197cccabab65ca121836c43b12aacc64de530ce43b185d
424,7.369822,1.911219135802469,6.602426966292135,-1,90ebe0d4f873bc0e2a360be2c76fb28789fe26f31fba5ef55888b9e239a4b833,3ddb30f1063bc1b3f1525d8dc77f9507a10645cc647705becc6ddc225c976a3a
425,7.386867,1.9185898919753086,6.659925093632959,-1,7521feb36e34e67df9e93ad42c1cce7a1be37ecb8ae84430b350061367361cfd,00af264569e798215e52e1a872120e2742e3ff0517a29c91e588622cacdbae88
426,7.4039,1.9239113940329218,6.701238451935081,-1,1f44407fead920a372d5a3cee65d8858f0ec86991fe875168bd9bccdf16f3561,18e044fc35afa19eee9940b7d3096e89b3e4001a6b3d717a5d48a3d7a4d7e350
427,7.420933,1.934099151234568,6.780404494382022,-1,a8f421dcd537eb618a4a9d84c2da881ebfd882a1644f1534a2af5a3500ba318b,f737917f9a9c184102f517e81fd595d27812f33a94481d06e5eada30d92ccd6a
428,7.437967,1.9417888374485597,6.840154806491885,-1,efc5834cb4d8a2b4ff79fdfe0f0378cd7cf976497e351dde50fff7ee941ccbe6,98d5a721c9b6d696f52932c35bd3fc7d869663caa7ec6cce20f15526f2618757
429,7.455011,1.9431436471193415,6.850646691635456,-1,d6d6cc6a457ee9e5b30f9a0d951b49c30be21e397df603b176056e1708293ee7,b59e136efda043ac7bcfe7b4ad97c74ce1ae9725ab5539baf92d07ab38563ff2
430,7.472044,1.9425507973251028,6.845997503121098,0,72275695af5bb2fd62a040f82861927306aa55d0b738e32a5a255eeeb0de05f0,f71594121786f481fd23949db034eb571af923a07ba80fb6befa2e9dc249a11d
431,7.489078,1.9463143004115226,6.875270911360799,0,bbaa5466e676556ee3f9ba67a251b757f63884e839e427840e8784440efda893,e900ad13614ccd07edf090ebb2cfab43ede4e523018deacf4d40114260f0ee21
432,7.506111,1.9497942386831275,6.9022372034956305,0,296ba2e1f444795c791f425118a250b0a5228caaa6d6274310d8d26bbb76c447,e3e1363219c3da713c3341f26147871b4b551e0338a26411cb0e96090c350f1d
433,7.523144,1.953633616255144,6.9319051186017475,0,f655d7c74811271305387ccf7ccd194aa54807af1ea7dd4c5dcb665b649ba4af,648f880c10385a561e24828ea8bfaced5ed9a1856e5427c573f0eb6d21466da1
434,7.540189,1.9555722736625514,6.946916354556804,0,d32f0bf3b7bc36152283136738ea2f5fdc11c758c3cb2e341bb90ad3e8152e89,2a49100b60caa53c7b4ebecd226ec850c22e8bd77c11f3da79009bc3ebe27f88
435,7.557222,1.9476511059670782,6.885413233458177,0,2af173a4fef918613ddffdf12a0d9636070b210bf5f2177483c5a29aa091cae5,bf6284b7b088128724edf4739e6fc0da6e6e4051e693c96de2f53667ce5d9b82
436,7.574256,1.950630144032922,6.908489388264669,0,c67c3c191a4dc58a6192e2abb5864f3bd8bc93899f82d10c54fe1ed453311997,85dcc669269da84b967d5b745ab6dc959a0cdd951bedc893784df11512916249
437,7.591289,1.9467689043209877,6.878561797752809,0,49221d029e5b0a92791bd1e8a8fee0c60f02b0249d077dee13f945f7231e3869,3bb71d78cbd8d508e6730d885a9ff7c077f475dba6cabd022772c1b7bdbbed58
438,7.608322,1.9566801697530865,6.955625468164794,0,4a2bdb4fe03c01cb421ce11e9113a336fe03626cbd9020cceed09fc480f16abd,cb40644716a22b1428ea00cfeee9ea5c56ccfeb88ed9e309040518695e75c0cd
439,7.625367,1.945102237654321,6.865737827715356,0,bd5dd7bfeb849809d17c9b60bfb634137106c772bf4dbecaf2b7e77edcee6208,13f4066f11f6b64136cf424efac249f4a66a3c27b929e5bd94558db9edbf0e88
440,7.6424,1.937758487654321,6.808808988764045,-1,e996558e13ed9983f2eb068f99658b494a77e7bb41bb6b703912643bd30796fb,1f5a31df12a157a45ac1e49eb9e1eae82fbaa204b0f0c128f7501a656de377f9
441,7.659433,1.9321720679012346,6.765707865168539,-1,2e18e1960f7966602596b5bdacd12800f7dae4fb7e8e478e5e6ef38369701596,301bccbde76cbb91edf660355ce6d264f90ddcd933288a416fb98433de4f6bb4
442,7.676467,1.930201903292181,6.750167290886392,-1,a8698e2b11fe6b1905dae27d3d21e8c1bc935de55cadd753d4d8f5df08e9f639,8ee39610791ccd323771cac6d738d13b6da349e8ddcc2c0bdeaf114ec60bf3e6
443,7.693511,1.9274170524691359,6.728014981273408,-1,bca7ec22f27c3b0afd5aeeba910d70b2778fe1dc0eca92fe51162d4c19302b5a,695f8e4b368d559467868bc6981454d20b2cd05e4061c7cb58939690c3d44032
444,7.710544,1.9285101594650205,6.736249687890138,-1,b163f7401aaafea14ef73a7c42ab4848d37b0c326545fa5f69e48af7f17e5694,90ffb8415ee5c73666d8e45d6ddaebdd4008a5096ac1e08487c6f45a47b477d6
445,7.727578,1.927928883744856,6.731375780274656,-1,d38c83243dbdf124c5ed756a21bddb12439734e9acb309b67004698e16e37ad6,6f86d75f14df474d32a32cddb1c921c91fc5935c4b1b1146159d30d0fd0bce20
446,7.744611,1.9306712962962962,6.752659176029963,-1,15ec6c49c38d91e3b50bad91d50f7b78663f936c14da5f8764a65e7d47e62ab5,110a15e316812aeed8947daa72990163854ba98111ac72a2b87ce01d59303e12
447,7.761644,1.9347980967078189,6.784679151061174,-1,43b0ba4c2e30d953f4003aebfea81ed0e87bf472f7f1a9d6c8b5404208db5994,74f7e2a19bd0c3c556ba34f28c34564263adeb7bcf08914ac8c2461b6df26d19
448,7.778689,1.9399614197530863,6.824779026217229,-1,df821a7a731c2446ec765787644ac3f425aa562d7ca7a8fcd0ca9b80804e6a2e,535daaf5737a78bc8c7ddfe1d0ba2e85f4c688b79469f9a72406d261fa5c008f
449,7.795722,1.9425167181069958,6.844624219725343,-1,3c763afd2dfaf6eb8a04b50ecda521706a3ab22c62dfe0b880c53bb6481d03c1,52063d7ccca185f15ab358ac8eaff27541740a4edca7161e569c4737320361a9
450,7.812756,1.945761316872428,6.8695530586766544,-1,6e9425203872966af88ab02fa23ada1eb91694b26eee2bd9a9cd1092dfae733d,2ac3ecdca6b51e90c4f280156342f9d3e602ff380c176e1458007a4511af0dd0
451,7.829789,1.94789737654321,6.885932584269663,-1,9b69d9437f3bdd27411989fb3092cee99735272c375d50cf267a876ae41af0cd,ba7595538f49afd10e389f5fa08df39975937b95e265d33ab26ba406e0265298
452,7.846822,1.9509593621399177,6.909293383270912,-1,7de83a5b5ef82d4494dd7a2a97de558dbd74f6a88f4f7f3dce9799f5d0a17516,977355b60a9d23ee3f42b6d3307bcc31c0e093999b93515fe6d9633eb958390e
453,7.863867,1.953434927983539,6.928069912609239,-1,b922177d70bd0b0c687656d5e50624b260dc41e8d9d9881258725058ac558ee0,c8891bf4faffd83538d924841555b6c9c8d41799dbba69c32b250dca30840e90
454,7.8809,1.9595093878600822,6.975560549313358,-1,cbcc11e74801245f453e883d3fb306ff84006342ce6cd356835f93d72fd97e6d,9707cc6ad9a19354629564baa69ed29658f35eabb5f91843811d76e8cd702594
455,7.897933,1.9605735596707818,6.983720349563046,-1,ff9f5c47a5cf3dabcf45bbbba52ffa0fa8c3213b9b34acda96220b2658a11b6b,fb5ff9d53aeeda36c3d6dfbfc5e69abbc3c2d5f82d4bbcdab47414c2e69673fb
456,7.914967,1.9627006172839505,7.00034456928839,-1,38da80278853af55d7cef13accd78abc44fd75cc026f129ac75b017e5c992c3f,4086e71eb5bc6a19cc3c9cfacdbb5ee4e29e2f2c5870597ae0993748a4399eea
457,7.932011,1.9673604681069958,7.036309612983771,-1,06ca4a79a0247be431ab2cc5823fcb287c831d3162a2a1f9448fef5d82ef49d7,a3ec2a8287e7400cc0f02951a4a39c63b21a981eb28a22f39cc0a3ea0ed2c03b
458,7.949044,1.9703793724279834,7.059680399500624,-1,cc46c7bf45ae9ad5e67308ebddcc93c66fcb2b3e7e40651a3de41d6c27baa8f1,50ad9141fc1597d71a0d0a5ff91f9de826aa58310aca14411715737a23f19c4f
459,7.966078,1.9726292438271604,7.077033707865168,-1,3df61d225d46941103c4b2c9503ba46eefd50b2ef77a754c20d1ef35fcf4ae01,fcde9c4bc7ea51fcd66f8e5759cf373bf7342a39bc349ae286e8ecd539569313
460,7.983111,1.9734542181069958,7.083320848938826,-1,550794ccbb40e102192719a02647a6361fbf02d20a269d026eda005beb4131d0,92e0a05bc9d671a0df8a7dcd91a6f7c0c0d93ad10891dff903e30329b9da62f9
461,8.000144,1.9748386059670782,7.093952559300874,-1,58b74bf93b275eee735f9ccbfea78bbc453e10c5db5465a9605368a01d5d1723,14f2fca573ac2e8f60e907537b4493b46e978947b6cd8f5ecac9dfc901c3cee1
462,8.017189,1.9767418981481482,7.1087191011235955,-1,1b254b52835d804211f1d760045f00862c4fae7defdc355d3345cef5960a24e2,f45d060d422c759aa9bf57b669b4fd8971efabf2d54c78c89b1f73bca767c1bb
463,8.034222,1.98200295781893,7.149578027465668,-1,1f39b9414dc703d9dc03a08f21688c8f95c66dad705001a16d5be0ea01857e67,23db6490c4fc8d80afaf30ef03a7b90b606a3e4a52094f5341bae040cbd2be72
464,8.067556,1.9843332047325102,7.167675405742822,-1,abf8bcf85ce87f3c9e144472a89048d38a65e724ecf21ec441adc74b3cf1822c,1d25a3bc74d0aba184434eef31fb6f10ac2280be1b9de070a6e4f881ea6970e7
465,8.084589,1.9861567644032923,7.181837702871411,-1,c4df659f1876400bb418abc5deb8110575cef45dced3792736cfb428ae0088f9,a56606acb076f3eed56f8928cfd03e1445e66c7ed19b3635e87fc9516c4d6df3
466,8.101622,1.9857799639917695,7.178911360799002,-1,4ece4cd0cfad31d67ec347eff69e9875d8a138cf3ff1680948c06e576122e4fc,7af7293502e62a8929a03321e34fcfe298129a79d07ddb997d82c66eba80ae1d
467,8.118667,1.9859850823045266,7.180519350811486,-1,5f58f1b2407042435d226670d50619800d87f78d37392cfb8c868c054f0b5993,50a2e5ef113e958739c3812c9ccf95e5540ab96103a726c85a25c057f3374118
468,8.1357,1.9847151491769548,7.170656679151061,-1,5ba83dcc6eb38348be0ec969a225b0d1b395cf3cdf58b31092f035e1096d73d6,ef3396f4861022f96425d0777c07e88eaae8ae20d1597a12836ae4960334287b
469,8.152733,1.9864351851851851,7.183985018726592,-1,86113339d47419b43dd33f31923372233459e2d451f1638c94d88f34137df957,91b5b27db476ec3fc304fedbcce411beff191eb3cb1cbae3fc23bc9aae89f76c
470,8.169767,1.9879880401234569,7.196059925093633,-1,f75020830db215c64533a34d0f70e72ae150ddf885f2ccc9830455b68768de7d,3cbca3452cb3b7b0d102cdbbc2e26e01e832a783f60a93fb8704cbd2595ef2d9
471,8.1868,1.9886889146090534,7.201413233458177,-1,0eac09ac5d5c7a7cdaddb0485d2a12bea8021b685ec1922352650aaf9f054c7f,9cf42130431652f65c6014076311afe0f32766a039cd3f20a4df7f2c429f1270
472,8.203844,1.9879925411522634,7.195885143570536,-1,eccf3e43e23d48e3696c0b6dc7e77b04edb7760ed5fa62c096e458d51c3ab3a6,3ea6cb94ea55bf999d36e0567a86d894cb30ec77b12cce40949c3abb36ae90c8
473,8.220878,1.9901658950617285,7.212434456928839,-1,08c96dd67f6124fdbf7f7444a1f08656e93b1707db8af641b4adfd2bd66d00d9,24110975788d821237a9e7df8b467183f9abe08a6735bc8803d5b2bbaa81cca1
474,8.237911,1.9915991512345679,7.223760299625468,-1,9b404dcbf9670a1f6293d92f072eb78c707065a3b2c7f419bc273a8ce98dac12,6970bde59d9f2223ba7a227d7e3f9769256bfd5ee4bf1a70bdcadd3ae50e8974
475,8.254944,1.9887146347736626,7.201463171036205,-1,88dfd8d6ceaca45037257a74250cae6ddf1ecd4d6f3fcd334866927bfe7128d4,bfc285d98a4f46107a48ad383c0cf7c7813022fd5cf899132889398ecf74e86f
476,8.271978,1.988999485596708,7.203765293383271,-1,f6d08907ebb49fbc58066b74f7eb3d5b9214c60d88c17644a7782610b87d7ce1,aec327fbdafab86e8052adc38eaaafed7d45e1c7af25f2ab321cea66a1d25d1b
477,8.289022,1.9918004115226338,7.226312109862672,-1,e10b56308f62c6c75087a77107006256d0909595313c54fc8e8348312e62a8f9,0e62eb1690de0e62cb2aa6126ae79ba9ed69edd0403cb96cc9a328dc32773431
478,8.306056,1.9931057098765432,7.236314606741573,-1,fe5ffcf63b06cb2ff3f2fc7d741a0c3dab0a332249149042944e05661ce00864,490fba2dc594ed8b151b0d658ffa10da294eaf2ad131ca30a1afcb6ee5728573
479,8.323089,1.991466049382716,7.22349063670412,-1,650404a960d53303a1adc67a9daac5334054b1d1f6149aaf2224e2008f045e79,3c93171ffde49882b57b5eb39fc59b7c18eb4bd95426e0847f69df6bf5e8cb27
480,8.340122,1.9898173868312756,7.210671660424469,-1,4a3c14571882552e582ceb22647ea125229bbd30855dc072294cda425bc64a02,ee648c6af730d1e09499cec87e3e0ef62279f7e460d34f7fc771e5c59af4063f
481,8.357167,1.995042438271605,7.251191011235955,-1,2429ff80862b00a55b0c5c1ab4d39868a2c6e4fd93696b39da0ed7ab2aa6d869,e52d260528620aacb7a481195eb48a5b590c083e27bc66d0d813105f2cfb868e
482,8.3742,1.995241769547325,7.252739076154806,-1,10a90692d6560f4ca59d4278ec317cfb5a201ff04ec895615e8da1ade1046f44,e5f1e94111193bf46cd9fbe71e25681376babae6d6a291c413a9d27610313f4a
483,8.391233,1.9938753858024691,7.24212734082397,-1,90e66797fb7345494de265ee4d6e0a755ed534aa9a78e171bdbac6bbdbe59ccf,905f991654bab237b02a5f4eb0216728a40679291afc230a2ae9c6b561640337
484,8.408267,1.9927887088477367,7.233687890137328,-1,74e7b4e2f881d3f6fecf5aecc58f83fe3923817819151aca765ad7a83200dd4e,8f4cc83b87cc4cab99687aa0819d8b47d91edbf279e421e0cd31f324a937b73e
485,8.4253,1.9965207047325102,7.262671660424469,-1,dd2ba7bdfda7c156a48f51eba28a0fb4b16af70c54215827772313d99ef104c0,06dadcab479cf4c60baa0adf31a7783d9ff98acabcbafde3b7587b30379cecc6
486,8.442344,2.0038843878600825,7.319950062421973,-1,d40240ea94d4086fcc64300cadd7157489da320a1609e5b52a93f91c406efd44,d3225d7799f121b90e5a66c6faa9cc84a28383b15048c7663c316cd0102b4a73
487,8.459378,2.001579218106996,7.301957553058677,-1,61dd01395a9771951f8787143149e3263e101809d0e644c2a23a67725575ce44,937a87ecfdfdc31d0b2c02c54dca248738fef5594df55c8432ce57318a6fe2b7
488,8.476411,2.002011316872428,7.305343320848939,-1,eb7afe0e28ce616c1174dd0811621e310d3725360dd7c7e63cd631b3d31b2b9b,8a36a5139fda858b1795265d8c65ecee564e0a72b8ff432f33224603a3a2e764
489,8.493444,2.0043936471193415,7.323485642946317,-1,76d5048552cc5d045b3c60f9187dfe3ca3f02cbce947ffa757ca5ef79b2ccb36,ec33b0977d9d98ce6e8bd7a10d70df1a71d9e4c0a80df3ee33bee61af0cc2aed
490,8.510489,2.003167438271605,7.314067415730337,-1,8c1a05ed9160d5eaaa0a5be8cdcd255d0781ca0297d294a07239b21d29860193,2dc6ac2f0300945ef61e418796da3d9542864f66f5e3b87d44fef2667768fb31
491,8.527522,2.001496913580247,7.301048689138577,-1,3c2e561f60706c744551b44fb49073ada53dc60a7178efe3190ac447e5cdb9be,6f181b32116f26d2ac0d58d4e7d7e34d0ac3fb15564fe407430a8becfb4543ee
492,8.544556,1.9985403806584363,7.278087390761548,-1,c836fdca42a663ec2cb36215fc18435bb5f5000a697bb7c19e47f6d92f8229ae,6bddf1e4927cded1e0eca8c89f3bd7d74c7b1d96c5ce2b53734c80555c59a85b
493,8.561589,2.0131860853909465,7.391575530586767,-1,4c0e65590153ee7987828c153c80a6b11f28be88af9e3b3d09ada0144b4ee586,9f2c7c2abe84de6dd6c25e40763c9ee6f99823b117fefe893f1604074b68bdbb
494,8.578622,2.0125353652263374,7.386521847690387,-1,96fd950988aa05d0e62ecfad2b1fded68cce6e4018f5b4357478e7e37fd42134,a67fec37bb4d9954aa2c64c30220cdcd4c6cea8956db0112788fa3febf55f476
495,8.595667,2.0125237911522635,7.386431960049937,-1,3dd9a38007c0152abfa124129e5d4f2c5a65c53609b6a22f0408cff9fc3304d7,589d9f297c1d695a638c873b5f23e67565eceaf99c4b5e4b0c989f3b6613b812
496,8.6127,2.0128086419753086,7.388644194756554,-1,73f065860bc099f0601eb2d6c7214567b2831dd11f37c8fcd931ce28a371ff5f,23688ca8f44556c96b322fa248814b2fa4b73bf1bc6894250bab33b1eb5582a5
497,8.629733,2.0178587962962964,7.427865168539326,-1,23567da167a5cc402afc9ead6d1b386bfca41adca04d93e7d70fea08f46dfa7e,feb077fdeeeca5cc7784d52085aa2273a942d30034137efd4d747b06cf7580fd
498,8.646767,2.0168518518518517,7.4200749063670415,-1,ca1b2cf0089c005d6f858989b9802ac88f5800e0b6232f037b397870f21dda94,a8e68671e19b26f32f4f7c81a91ace8ed69b2e69f8b2db5a596867693fba4f4a
499,8.6638,2.015914994855967,7.412544319600499,-1,9feb85f18c18046e02655dc06a29a76faa781e19f163df7e1543b0bf6cf304bc,ecd91c585d70b010818c94c95a249396f5a26e064932f25914a98490da1e4277
500,8.680844,2.0176215277777776,7.425632958801498,-1,386c3dcda992cc4b19eef7f680e59a8b523c30face59fefea9eea1540469bac6,2a2f1993d88072cd3a61fd2601794bd8cf398dd06988ca015cdc0571a61de25c
501,8.697878,2.0608108281893003,7.498521847690387,-1,9e84640705d6029e7fcb58b8e8af29536404d2bc7918a33b42adc71f5ce3fdfd,29092d3f2703f91d3a152f58af30d66d32fd6b651565ffaa7391b397ba639b69
502,8.714911,2.024758230452675,7.483395755305867,-1,27f54d108d6c42d6e54e1233a3f0f7540eef630f06f70dac2b4d46d5cec249e5,4d05230d8aa68f7fae03c4ee9318963b741a25f774b45d16f0fed77c0c54ad14
503,8.731944,2.0594753086419755,7.497842696629213,-1,2d2d5d0dbb59fc45d68818d38b23c8c3c718f4e87fb176f256f72e49120cef57,60aeb4972c7b289f59b2b3fdc4944602a29625750a8c0980964f92592fec8752
504,8.748989,2.026625514403292,7.4962496878901375,-1,b4438e5d420ea979b3bb89c99f59f1cc4c77192589904885e1bb4d80aab201e0,c30005bcf478a8189a9e8c64c14dd58462aa162c3512ca11b4c0b5378955be6a
505,8.766022,2.0335069444444445,7.513977528089888,-1,496ee84756d84e44e4d8283a9e57b31547e92b4c0eba169ce87c1ebb1e163323,003a919260bc5f3ae4c016dc44c9d4e20d4dde206b8c43ab75815ad44882f7c1
506,8.783056,2.065150462962963,7.532614232209738,-1,775c164212fa2534db36149f311d6e749cf496fe731082546eaae47f9af95d38,9029dc8ddfd6f95905eb5b7614bba7911be04a81a8f99e3c9eafca81b8c207a9
507,8.800089,2.0650578703703704,7.531011235955056,-1,a6b8766df5fff1e1f59df1f655b80114b9f1cf69374a88de6ce23ee2afa764b0,86bbb2e851b44ea9b03dc418e56226d76bbd00ce64f5c7bb54e0677814e946c1
508,8.817122,2.0346521347736624,7.561253433208489,-1,3ccb385234ed3a6e9358b06fb0a76dbf68ade680896be2a0c2491a0f84846fa2,4762e6bd2d508fd881a9c64f1b313ea1293f3c8eead7a024dbd11db7dc74b0f2
509,8.834167,2.0349562757201647,7.564334581772784,-1,a3ae0d2daedb5b2fa2421797979bdc28f7083998f014b0af12921a3fa09199c4,429ee8be0a02d90f943d92e306ef62e1d2ccfbf7d622f632dc135623bfda7991
510,8.8512,2.041278935185185,7.578861423220974,-1,f1ea727d09c515167d61341c6ed6da6b70cb6cb352450369c1d8a239cf643c9e,4832934dcb5ed2379f31548ec8a6a7f939058e2bd2e8f46562984f52d460c0c8
511,8.868233,2.038883744855967,7.595435705368289,-1,c794d38a6f848ac1049c69702511a536fd39391584df5d79dd59101c70e32ae6,b87811905c3ebfd1320076dd2235c20ce0feba0380ca29942bab939586ca373e
512,8.885267,2.037260802469136,7.583580524344569,-1,c0a0eb73faa0a008e9ab6d989394c9ad585fc78a78eb9edd1bafd2d99b1cb8c9,9d49b021ee45e72271dde097e118d69a3cc5c43cf113808b4eedee2ae220d685
513,8.9023,2.0497788065843623,7.646566791510612,-1,051e8e7d52a3e59b16a04c280ffabe1091ddac68253ed8d07211053838a5c125,3e2129377cbad8b935ec954e03e2be3421b3c0c1da04e9d69486880cf1f40a6c
514,8.919344,2.0776665380658437,7.645158551810237,-1,457e9a3dab044395ff1af84433b891310350db18fd1aebb685adb85f7ed9a6db,b30be2bdeaaaf4162ec78513dd1b3e9dbca95e7802aea624c5f20a4318e80296
515,8.952678,2.050572916666667,7.9420524344569285,-1,4de8a626e791ecc1780561317cbe9caa90447f1925416ac3274d09e181851414,46f7e599ad632b6a8354b778a87784b5b9bf4c97090746a9abe4597f6dd09f88
516,8.969711,2.044405221193416,8.066392009987515,-1,851c8df3138e8afc74f16bb89e36a6d91182099909d64299faede38326e6339c,a0a2422c0a525ada8ec05285c179829dc94964d0174808f85938bf8f5c4a8eea
517,8.986744,2.0534921553497942,8.266087390761548,-1,6906787d8228c19dfec057176f4e70b9e6c0d61298add9f975889e488db279ac,86132622851ff3810e3a8e6357ee14921b38abdfc34564a2826e3cb994f3f50a
518,9.003778,2.0580992798353908,8.37461672908864,-1,0421a38ad15dd8836d085dab276648b294668ed05872b733f4bd91ef24a16408,a7a02a0ca5bf3baf85fb5ba867f984afaaa757b5dad35c77220349e85692a468
519,9.020822,2.0903054269547323,8.55440199750312,-1,90a1c8864951baab68bb96ebb847e3496bd902dc7d3b756f90a8ef068afc349a,5cf39a35a87346d8450e0eaeee6c62e50be7da9d8323958836c8bc1d3201b2af
520,9.037856,2.087829861111111,8.55412734082397,-1,4b890c826b58568ce5b9078b36b6cf4072a26001df0d7ec5046620960f490fc7,fb45070ff1ce21b7f5569f580de6b03b074a2e73ce75adc0ff4f5f5f569bf335
521,9.054889,2.087207433127572,8.6018177278402,-1,886d0057f8e3eb676bbd08d68275851a09960b060d1630c78214eb810100de9f,00bf510aac6ad3bb932cb23d1c27373e952a4169e3754d032266fa264761eb33
522,9.071922,2.087842721193416,8.652534332084894,-1,2d82de235fbbcbc353425f6692f77954976d921281ae13c35dfb033a7adb9bf5,d02e4cc96dc2e6d7357a2fe8cf9bcb28dbfb4c6e3bc863d8406281e616d3c07f
523,9.088956,2.0889300411522633,8.660993757802746,-1,0513cf5337268eeea4eaabf0747fad0f8b66236a179d775f4399bb0689e8ebf6,4d0265ca329eaf9d8518a0ce23cb5170f920b98e92d5cc13a90c7ade059695b6
524,9.106,2.089804526748971,8.66780024968789,-1,95ee01aa420065a57111c3e132f0c665a452a4ea3e3777bd1ede65be2ab2ef1f,c5cc72e996c8a1e64f9f48e4034453676dc45794451670039c1e631b0713e3e4
525,9.123033,2.0914596193415638,8.680594257178527,-1,b57298ec29dfc80f32724de647ef6531483b4fc204791edcca802a1fcd73a615,4c9735fe75b3fc8db4df8696df6137c89dde3ace3ad804a97db00c606d2b1293
526,9.140067,2.0985866769547323,8.735870162297129,-1,28b2505a9ae0fd08535a94ffa74d85c6c4f8c5df3202caf7fdc3d7c01cbf34cd,4f87c4668c236027f5c5a257d3ba76b224f0135aac32506cd2164e8b8ede4ea4
527,9.1571,2.0940297067901232,8.70041947565543,-1,42e2616ecb197f947d2f39a06d08c9f062c59cafa63aa03db33ff81dc6b8668d,273d63cf0d5538b499dc4320bde436866f85270757f8723590e2e4be85a20f76
528,9.174144,2.098278677983539,8.733313358302123,-1,73bfd9e328ea8e66dd5203c6affebe5fe67e0ea8490a22d767fe8cd46d0a17d7,09d36875f9e92ed6e0d70fc6e33acaed32ddf53295d748e93a8d13c76691aa72
529,9.191178,2.0974472736625516,8.726751560549314,-1,05d96a8ce0ee2bc7cbeedb41ebbeed45d4b4c34c578a13124aea9fd5b0d16f9b,7658c8226dfbb1d19624c085813e0935f017dd811f9b758956bc2f32a36b312b
530,9.208211,2.1069669495884775,8.800534332084894,-1,4c574d0c1f8c878372f8dd6f8cd5f3f587309a4ff5b7197836482ae31d055103,f929e2361ba07108c9f593cdd1e5078e73b5ce8783e8cfce6eb4d568a963590b
531,9.225244,2.104039994855967,8.775840199750313,-1,7293c5e99590b1c2bfeb394da315c12646a823314675de92e0a0b012eb557a16,4e659b1e87b5e7c778ce8c2fe36fd7fc935aef544c5d7fc18263b964b8aadf8c
532,9.242278,2.0823816872427985,8.561283395755305,0,d39c7881238b3ae531197c59e9ee8d08f3f1b6f4c5921f77c746c78fc5cde4b3,d217a3dcc82efe18e80cb37eef869250bd9f1be73f99ee53e390bba24bf0367e
533,9.259322,2.134352494855967,8.737787765293383,0,68ca5fbcabd24d5dbddd17416bb9a38c9519be942c2ad6d78bccb577822d4021,3cbe1e21e68a09fd4a937b8b4427285fdef875d0013a41352378eebd3b5a0867
534,9.276356,2.1626748971193415,8.800009987515606,1,29f50aa7028eb2c835077306dcc3bf5f488904175e96ae07b404ed313e75d28d,78d2c4be27b750f50dc5c0e809aff37871e14ed14022a43cb029cf8e7430d988
535,9.293389,2.2398469650205763,8.939230961298376,1,a2b19773529834da43ac3c0a50ad5a4dcb94db3db43a1f7ee4315079b3666707,5ba89520e48bddd4d8d48af1d39bd2875364cb69ee1ee8cb047a7e434cfa1675
536,9.310422,2.2712590020576133,9.371710362047441,1,77e9ce3c117c8f81b99d91bcc76961a7024c49c26d43f827561270bee3cd0c94,cd698b8d85e7e9b34aca73c6807c2de58ea7ab72f3b87a9bb1dd583bad9139f1
537,9.327456,2.397156635802469,10.347895131086142,-7,3725dd6f84fb1aa3636769e582347f426234f8d5da57d7f971a6ab22a293c03f,fee19d76171ec49b87a2ce5d373c2609e2f8735fcd77a2ee982f81c9cc407179
538,9.3445,2.3664364711934156,10.106152309612984,-7,f93b697f485981ce3bf244948596a932426ec09eb6002d4122f1435a5f26b882,1294401b2f0fd51df095b0661797721fbf6f5f6f87edfd8406b1eca912000e0a
539,9.361533,2.2672228652263375,9.336319600499376,-7,d58caf1927cf5b838c7ef90763f3114defe0ae97de2e87a23d2d792dbeb17c3a,62f735d42defc0a88f482a243c65c7ce0a004bb5078b214385eb07dccd536b57
540,9.378567,2.1193589248971194,7.955725343320849,-6,37eb7b8d8fdbde6ec6284bfec1d89806d3251fc0c9ababb9c1be98e982e3829b,d13b78cd0eb3056d684a7f5429827b37f9f8e0e2e2cffb833f9d8c7bc79ab40b
541,9.3956,1.9023115997942386,6.5345368289637955,-5,2ea9ee0c80599debf8bc1fda4cb0e9f3fdd953aee0aafff6ee0459c4fe20d602,7139b9cfd4b7a4711ba76551b2dcd400f3f4ea0101104ce1d348875d50195644
542,9.412644,1.7802925668724279,5.306092384519351,-4,4e77041837d1349c2e3c8855fb930da86c37aa29580ebad78038dffd82fb1a71,b1c7786234eeb9295b58fb9889848bd43f5030466a69eaba19f7789d9cdd5e80
543,9.429678,1.6772974537037038,4.508374531835206,-4,3590670ed30f83f535e247be918761fe02a4d8d496f620ce95ffe3af7be887db,6b92dc173aadb04b578966550d0a50ceae8046b2c0cf0875ff502f6752db5ad9
544,9.446711,1.599547968106996,4.180024968789014,-2,9aa586c26db47b34c91a9ef1b00dc3d1718391a549a6ec8323d075613570792e,fa2d799042f2c0975b4a154c3762ac492c4c91dff94ef0d12ee091d8798153de
545,9.463744,1.6267637602880658,4.122147315855181,-1,4b419de975dad08e1b16730b1a3647b68eb28b438f1d0d3ab9602f935319d696,426330be814297d5d9a335c2d96eddd23bfd59cdc77eec2d6bf94de33f6a0761
546,9.480778,1.610491255144033,4.265073657927591,-1,0e1c7d466ec17dcb7d4cd25a49b024e7ba2c9ca7770c89b04e29226a23301e15,4812eebf1220b195c3f11cee824de3e2c51b7eb127fcaf62493fa57c1afac75f
547,9.497822,1.6378369341563785,4.4799350811485645,0,a93dc6ce1c5e2f24f677a4716772fdd2f21d499c60c72f6d00d0076b76acd76a,a2976953a89adda3d9c8571cee1cc56ff604de739bc9202dbe1141fb64abb7e3
548,9.514856,1.664074074074074,4.682112359550562,0,f01c7e9c3ff21cabc5aeb544fc58f1b4ce099b756c26831c0cf9bded02968c92,169b6a8a66eb1666e7c2dcd412103b705baeaaff8abb24aaf5cb7e012ca4eb2f
549,9.531889,1.6925713734567902,4.903340823970037,0,6ab26423964f925112b4caf0a29636a6ab302378e45fc262b09ed8c72797251d,3ff6306f4a8a594f467cc11c2d1d1ed70449f2843c9ff7fd67cf59937840aa97
550,9.548922,1.724082433127572,5.148799001248439,0,8b0c77d19250b4bd947a968cf227af872fe31c6afc1ece838e59b91c1817c68e,eeaf83b1caade751293dbb00d7c825a165f4c95da2b9b9e090c8504288627895
551,9.565967,1.7351613940329218,5.234616729088639,0,dfc739590d52ad623f84fba2629ff0735719ccc69f1c40db27cdf09161f3286c,3ed45591bf23b0b5d245246b5973363c06ea2de312637fc497d78ff8623087ce
552,9.583,1.7227353395061729,5.137707865168539,1,f0bac99bf11c673115e81164b2b8b7d4e17316a47b49aadff39563e4caa2cecb,39769892e2ee013e4bd4694cf35d582e7bc06f03ff6eda0e91308ea535338099
553,9.600033,1.7187744341563786,5.107560549313359,1,bd225fed5450122bd50b4b0942ba79c99d24d41eab2f9a671e613b91ac1ad93c,f450367678bdf65a70cc1c35fdf0e4f6c31090ef22a53bb726d42df4dbd3b9e5
554,9.617067,1.7189647633744856,5.109338327091136,0,24f20e2385e99e5f45efb115752140c4babc7e0a47644448efc29532b9a94f66,ae9e74a3c26159fff64d2b06f8732691a696b091c5ef53eb8e633cc9ae44fbad
555,9.6341,1.7152346965020575,5.0802347066167295,1,0a8fdbda5a752b3ab86e637977642199a6b9d055c6b4a3c1f958a2d8883389a4,78aa8e336ac3d6e5fad45ffa6e5f036e48f532728f40a1a0cfd579227e011e12
556,9.651144,1.708238811728395,5.025827715355805,1,38c05632f0cd1048b4ee1c3a1e8c50f017d637733c7b4ed4cceb59715583008e,76e9f74c80f27da92923ded18026aa3c11751bad499d53e73679c06e9547f64f
557,9.668178,1.717678755144033,5.0989463171036205,1,51952d1a8a21bd11d9434279e53d41e727dd312d2bfdef67a90e9a807835fbb3,73a55c58ffa0e7c5b08d54c8bb917def1296b8817a839dffc871c902a6738d4f
558,9.685211,1.6920132458847736,4.899710362047441,1,49b89a200e280303023832f98826b7dac721401e18df417548b3ab01178564bb,07cb2717d0a3a6d696e333913cc55ff5cef94ac2a340cafa0f346861e81c2712
559,9.702244,1.7018846450617284,4.976539325842697,1,b234687087a6421b28121077df07c5a82b6cffb556cee662edb2a11d55e79cf4,0865a9b3be13e4bda49b5951f96d22050b352cfc41c5a871aaad7db4e4ff23a0
560,9.719278,1.6912885802469135,4.894172284644195,0,c55f5218f517270ddfbfe4ca4a6c5575d02c8624bf9188e69cadddfed0e8f2ac,d9ceb3a5e3eaf484cde6152fd474969633ec9bd64f21a190bc2a77b0a95fec5d
561,9.736322,1.6792984825102881,4.801143570536829,0,8445ef38dcd03234dc3959962e9e31ea7c931e646ce604e63ae5e337958ced3f,05ea01be12e35fedc82b54ed7569ec8225dc93e92ac76e96ba3b5daf69c6a420
562,9.753356,1.6764416152263375,4.7790611735330835,0,fa99698011020403a8e3b3d66b9262f3d16c68545a73318c06dd1791b0cc3eba,60e9616aa1f84950c44d7390fff14e869e34e80651a905492753d439e73a6e62
563,9.770389,1.6671752829218107,4.707051186017478,0,f9eb295e9338f807ca7d733eecf70febd394048c23a8b948294e5765683c764a,61513203ba42536f85f426dae4646ef85fec81409ca1eb80eba1cbd760cc7be2
564,9.787422,1.6557085905349793,4.61798252184769,0,27808ad087c5b744fa33138c875739c3ba3c96883fc6436801a6a78926677cc9,47190dbcb27614391e573beb34bcd1f37fee69ce27bcf9fbc6eff1486c23fa07
565,9.820756,1.649579475308642,4.570411985018727,0,12b151c4b0431aea33b49ddfd53a89693065a7916efa6ecfa393827205db6d02,8c4d05f16a09735f819efd63902c06fc5d051f888270d41b74f93e446102163e
566,9.8378,1.6472003600823046,4.551950062421972,-1,23a3f91f59bee2b992aef21a61104648810ff5a042d7718a11a6b4029cc53d66,e050096f8f97f0414a71e963d2c21ce5f2de77e67ecaa56b7a1704b308ac07d0
567,9.854833,1.6421514917695472,4.512769038701623,-1,7c09a16400e9a92e00760bd8818664206a04b697cd999d0205ff3f92db84f159,15ac272d07c0cf36e5fcb1e932c19f19f88e4476f5f95b39b3b2c56baf126c82
568,9.871867,1.6404398148148147,4.499475655430712,-1,dd239d90b23b78ebc393528b94c43ee9f919da614bee63752e933bc286f1d97b,041b5ffe194632fdd7161f7cf7c9a97f2fe909787ec8f73f4229d277ee8d65ad
569,9.8889,1.6379700360082305,4.480294631710362,0,947f81be3502e1a3b4e29a6db1d3e52596e6bc0689933355a125a04cec26572c,552b28b44da5b47ff6d6f1ed330ad8d2a2c3ba626d35c52c90afac002090446e
570,9.905567,1.6415618569958847,4.5082646691635455,0,e506024ca687c397dbfa1d1a3e3bfe93719da5e07614e66f8cd01db43ea700d0,f9749c6c9ed8de9fe386841e1791f6b99e930ef754efa2c055d84f7cf369d067
571,9.922233,1.6403137860082304,4.498496878901373,0,bbddf08da518f9120318ab983328e6553e23e4b0606054a74a0b071329e44f8a,48ef0671f69fa0ab612a2296d32d0455ddbcf28d2aca2e1e3ae090c372e074a0
572,9.9389,1.6336168981481483,4.4464419475655435,0,391763536aaec03c0b7a2757fedf91f2100136119565e7abaee9710225f66c93,3dff5fa538fa39c3f5d357a974ebdf94cf52569215fdc97f4662f24ea59c58fc
573,9.955567,1.6311239711934156,4.427051186017478,-1,e8a8464cbd775ceccd1ceeb0b98068cd0a9d10ec1584f718f5459a4f265dbaba,8c4dc1c8ca475e98dd1774837040ef6c9a2c0f2a032b43b8ee10e70e7812cda1
574,9.972233,1.6426781121399177,4.516559300873908,-1,4a937530ab6558729b9ca0441385f039c7c57b1ff0994c98721546fb88d2f222,e404bbe6120479d72824a6543bf26c590f54aff58b9709a812de0c783cf78327
575,9.9889,1.652394547325103,4.592664169787765,0,953f7cbfe22244b62f5ce8e398ab2fb4de0c028896646622d87bf067a7d74d7c,a501904555164e8d1adab8c59b2126d834ec258b938b2217c734318e0cd20fcf
